-- phpMyAdmin SQL Dump
-- version 4.6.6deb5
-- https://www.phpmyadmin.net/
--
-- Host: localhost:3306
-- Generation Time: 02 Iul 2019 la 20:27
-- Versiune server: 5.7.26-0ubuntu0.19.04.1
-- PHP Version: 7.2.19-0ubuntu0.19.04.1

SET SQL_MODE = "NO_AUTO_VALUE_ON_ZERO";
SET time_zone = "+00:00";

--
-- Database: `store`
--
CREATE DATABASE IF NOT EXISTS `qqqq` DEFAULT CHARACTER SET latin1 COLLATE latin1_swedish_ci;
USE `qqqq`;

-- --------------------------------------------------------

--
-- Structura de tabel pentru tabelul `cart`
--

DROP TABLE IF EXISTS `cart`;
CREATE TABLE `cart` (
  `id` int(11) NOT NULL,
  `product_id` int(11) NOT NULL,
  `user_id` int(11) NOT NULL,
  `quantity` int(11) NOT NULL
) ENGINE=InnoDB DEFAULT CHARSET=utf8 COLLATE=utf8_unicode_ci;

--
-- Salvarea datelor din tabel `cart`
--

INSERT INTO `cart` (`id`, `product_id`, `user_id`, `quantity`) VALUES
(1, 9, 1, 10),
(2, 11, 1, 4);

-- --------------------------------------------------------

--
-- Structura de tabel pentru tabelul `categories`
--

DROP TABLE IF EXISTS `categories`;
CREATE TABLE `categories` (
  `id` int(11) NOT NULL,
  `department_id` int(11) DEFAULT NULL,
  `name` varchar(255) COLLATE utf8_unicode_ci NOT NULL
) ENGINE=InnoDB DEFAULT CHARSET=utf8 COLLATE=utf8_unicode_ci;

--
-- Salvarea datelor din tabel `categories`
--

INSERT INTO `categories` (`id`, `department_id`, `name`) VALUES
(1, 1, 'SmartPhones'),
(2, 1, 'Laptops'),
(3, 2, 'Refrigerators'),
(4, 2, 'Cookers'),
(5, 3, 'Couches'),
(6, 3, 'Chairs'),
(7, 2, 'asd');

-- --------------------------------------------------------

--
-- Structura de tabel pentru tabelul `departments`
--

DROP TABLE IF EXISTS `departments`;
CREATE TABLE `departments` (
  `id` int(11) NOT NULL,
  `name` varchar(255) COLLATE utf8_unicode_ci NOT NULL
) ENGINE=InnoDB DEFAULT CHARSET=utf8 COLLATE=utf8_unicode_ci;

--
-- Salvarea datelor din tabel `departments`
--

INSERT INTO `departments` (`id`, `name`) VALUES
(1, 'Electronics'),
(2, 'Appliances'),
(3, 'Furnitures');

-- --------------------------------------------------------

--
-- Structura de tabel pentru tabelul `products`
--

DROP TABLE IF EXISTS `products`;
CREATE TABLE `products` (
  `id` int(11) NOT NULL,
  `category_id` int(11) NOT NULL,
  `name` varchar(255) COLLATE utf8_unicode_ci NOT NULL,
  `price` decimal(7,2) NOT NULL,
  `stock` int(11) NOT NULL
) ENGINE=InnoDB DEFAULT CHARSET=utf8 COLLATE=utf8_unicode_ci;

--
-- Salvarea datelor din tabel `products`
--

INSERT INTO `products` (`id`, `category_id`, `name`, `price`, `stock`) VALUES
(1, 1, 'Huawei P20 Lite', '108.98', 17),
(2, 1, 'Samsung Galaxy S8 Plus', '203.17', 30),
(3, 2, 'ASUS A540MA5', '777.32', 15),
(4, 2, 'HP 15-da0040nq', '836.37', 18),
(5, 1, 'Arctic AD54240P', '816.26', 20),
(6, 3, 'Beko RDNE535E20DZ', '825.04', 5),
(7, 4, 'Beko FSGT62110DXO', '798.23', 3),
(8, 4, 'Samus SM 550 ABS', '386.49', 9),
(9, 5, 'Lima', '820.66', 21),
(10, 5, 'Olivia', '117.96', 27),
(11, 6, 'Kring Fit', '216.23', 3),
(12, 6, 'Kring Bokai', '96.53', 26);

-- --------------------------------------------------------

--
-- Structura de tabel pentru tabelul `profile_image`
--

DROP TABLE IF EXISTS `profile_image`;
CREATE TABLE `profile_image` (
  `id` int(11) NOT NULL,
  `image` longblob
) ENGINE=InnoDB DEFAULT CHARSET=utf8 COLLATE=utf8_unicode_ci;

--
-- Salvarea datelor din tabel `profile_image`
--

INSERT INTO `profile_image` (`id`, `image`) VALUES
(1, NULL);
INSERT INTO `profile_image` (`id`, `image`) VALUES
(2, 0xffd8ffe1001845786966000049492a00080000000000000000000000ffec00114475636b7900010004000000460000ffe1032f687474703a2f2f6e732e61646f62652e636f6d2f7861702f312e302f003c3f787061636b657420626567696e3d22efbbbf222069643d2257354d304d7043656869487a7265537a4e54637a6b633964223f3e203c783a786d706d65746120786d6c6e733a783d2261646f62653a6e733a6d6574612f2220783a786d70746b3d2241646f626520584d5020436f726520352e352d633032312037392e3135353737322c20323031342f30312f31332d31393a34343a30302020202020202020223e203c7264663a52444620786d6c6e733a7264663d22687474703a2f2f7777772e77332e6f72672f313939392f30322f32322d7264662d73796e7461782d6e7323223e203c7264663a4465736372697074696f6e207264663a61626f75743d222220786d6c6e733a786d703d22687474703a2f2f6e732e61646f62652e636f6d2f7861702f312e302f2220786d6c6e733a786d704d4d3d22687474703a2f2f6e732e61646f62652e636f6d2f7861702f312e302f6d6d2f2220786d6c6e733a73745265663d22687474703a2f2f6e732e61646f62652e636f6d2f7861702f312e302f73547970652f5265736f75726365526566232220786d703a43726561746f72546f6f6c3d2241646f62652050686f746f73686f702043432032303134202857696e646f7773292220786d704d4d3a496e7374616e636549443d22786d702e6969643a38363546373942383444433531314534384446424241434634333234393130432220786d704d4d3a446f63756d656e7449443d22786d702e6469643a3836354637394239344443353131453438444642424143463433323439313043223e203c786d704d4d3a4465726976656446726f6d2073745265663a696e7374616e636549443d22786d702e6969643a3836354637394236344443353131453438444642424143463433323439313043222073745265663a646f63756d656e7449443d22786d702e6469643a3836354637394237344443353131453438444642424143463433323439313043222f3e203c2f7264663a4465736372697074696f6e3e203c2f7264663a5244463e203c2f783a786d706d6574613e203c3f787061636b657420656e643d2272223f3effee000e41646f62650064c000000001ffdb008400040303030303040303040604030406070504040507080606070606080a0809090909080a0a0c0c0c0c0c0a0c0c0d0d0c0c111111111114141414141414141414010405050807080f0a0a0f140e0e0e1414141414141414141414141414141414141414141414141414141414141414141414141414141414141414141414141414ffc000110802ee02ee03011100021101031101ffc401a20000000701010101010000000000000000040503020601000708090a0b0100020203010101010100000000000000010002030405060708090a0b1000020103030204020607030402060273010203110400052112314151061361227181143291a10715b14223c152d1e1331662f0247282f12543345392a2b26373c235442793a3b33617546474c3d2e2082683090a181984944546a4b456d355281af2e3f3c4d4e4f465758595a5b5c5d5e5f566768696a6b6c6d6e6f637475767778797a7b7c7d7e7f738485868788898a8b8c8d8e8f82939495969798999a9b9c9d9e9f92a3a4a5a6a7a8a9aaabacadaeafa110002020102030505040506040803036d0100021103042112314105511361220671819132a1b1f014c1d1e1234215526272f1332434438216925325a263b2c20773d235e2448317549308090a18192636451a2764745537f2a3b3c32829d3e3f38494a4b4c4d4e4f465758595a5b5c5d5e5f5465666768696a6b6c6d6e6f6475767778797a7b7c7d7e7f738485868788898a8b8c8d8e8f839495969798999a9b9c9d9e9f92a3a4a5a6a7a8a9aaabacadaeafaffda000c03010002110311003f00ee394b7d386043b156bbfb6157629a775db14b88ae2c5ac14c9d4aed855c3c7142e03db021ba6156a98121bdb0d2d3bbe295d4ef8aba831576dd702b470ab58114ec925b1f8e0416f14bb0abb02bbb62ad7ebc55ded8ad3b14535d714b54c4ab54f1c0c5c0530a96fb60a570c2adf6c52dd3c3a6056c03852bb162eeb8b27536c55df3c5816ab8a43b6a6d8a5b18a57508c585dba9ed8b2b680fa7156e98a0f25dd7162edfe9c59bba7cf0b1e6eeb8a79386df2c0c56b0271486a9be292eef4ef8a0076282d1c55aae2ad537c5906e94c579b78a80d8df16417015c58daf5c58b78abbaedd3156fb01d7c70dab600ebdf141777e9f4e1577ed7ebc0ad5286a0e2b6defd7155b812d53c71568ee36e985569e98a5bad7021aa62ae18aaec55d8abbf8e2ad118ab88c55aa537ed8a4374c50ea62ab80f1c55c462ad61a55e140c55753bd37c51681a606d6a98ab74db156b157018a1c7fdbc6d6dd4c525afd58a1d4ef8adbb1485c315762ad818a86a98a5bc514de34aec516ef962b6ea77c52d5305a1ba614ba9be2aec55d8ab7d06043a9856d6d3c315b6fae2b6d018adb7b9e9d31402d53164e38a29ac55d4c56dbc50ef6c015bc2c970ed818b74a9c29b6ba629b6b145bb15e6eae28e1762ca97018adaf5c5acbb7c52d01e38a4f26e95f962c5d4a62cc3a98a2db03c7145bb6ed8a1d8aac38b20d7be2aea6286abed8a69dbef8a29c062b4ea62cb66c6dd7147b9a3db150de2c970e94c58d2f1efd7162b87e18abbbe2ad83d714360d4614177b6296a9bd7c314b78a1a38a85a7af5db14b5d702babb62ab48c36ad6056fbd31570a77db156fc3156ce2ad5715775c55d4c52ea628753155d4a62ad85eff76156cef815aa508c55500c2c5ba62a97d30373bdb1438f4c521aa6def8abb7fa715a6b1577b628762b4ea5714b80c52b80c50dd315753156b156fbfb62ad8c505d8da1d8a69d4c536d6282bbc314ba98a2dd8d21aaf6c593be58ab78290b70a29d4c55d8b2a6e9b7b628a6a98a5d4db145b5802b80c28a6f14b78ab80efdb1525bc690ec52ec55aefd314b8ed8ab80c55ba78e28b2b8018a375c061b62ec0cdd4c5776c1ed8b1a75315762c8871df160ea1c59ece2062c6dadbb0c556904f6c5416b1656d6286c0ae2a5ba53ae2bb3b152ef962a0b58a69c00c58aa28db14362b8aae07b6f855bf97df8dab44fdd8aaec50ec50efc7157536c55c7c314859be2970eb815a3ed8ab46b8ab55c55def8ab8035c5570eb4c55a3d715762aeeb855b1518abba6056f156eb4ed855781ed8a1c77f9e05b7018adae030a17d30aa5b916eb762976286a98ab8e28a6b14b8e2870c52ea7df8a57018ab74db143a98aba98ab86297018ab6462aeed8a29d4c55dd31435fab1090b862add2b8a29ac514b7164d8a62ad914e98ab54c55aefb6282ef98c6969bed8a5ac55aa1a62ad01b6fd7156fe8c54b63145374db022dd4c2970eb8a69b38a29c462b6d531436057e8c59374c504b74c500b97164bc5076c5890d1af87d38a0380c595b8ed8a2adaae2901aa83d714db60e2c0eedd45315a689f0c50d1e4714ecd1ad31576287531480d8c5910ef6a62c4876e3148a6faec7141d96f7c5907015c5792f518b02a8062aec55d8aba9db145b7ed8695ddf143ba6296fae05688c2868e290b7025a38ab4715753efc55adf156c576c55bc55beff00af156852b8ab7df0abb7c0aec55ba62ab862ab80c34c6dc47dd8ab80df1554030aaea0a61a4259ef906e6875c52ec52d1db1625af7c521d8ab74ae2a5bf96287018a5b18ab7810eed852ec55d8abb15b7628ddd4c52eed8aba98ab54c50d8c52bb145b5db0286a9856db18a1d8aad3815bc2aec0c9d4c28e4efd780a5d4db162ea636aea614ba9f762aea77c52de28b70c52de2aec50ef7c569ba6290efc315a6ff5e2b4d8eb8ab6298b0762b4edce2bc96f7c536e343d7146eec536ec593b16365c077c516d138a1a352714b7ef8a1dd716554d818a0975076c50ee98a437d714347e58a43401c5952a0fc316242a2f4c58ba98696dd4ee3143a98ab74db1b4d35518a1af7f1c09b6e830a1d8ab4698192d34ebf862ad11f762ab48f6c55d8ab862ab80df156e98aba95c55ae3be1b56e9bd702b78a1ba50615b6f8fd3812dd37db162b80c92b74c55a037c55500c42aea6490950cadc8774c55a38ab46a6bb6286b14b63df1437ef8ad36314b7418a2dc062aec55d8abb1570df14bba62aec55d8ab74db7c50d7b62aea53156c62b4de2aedf1568e2c5d4c55b15c5935ed8abbdf162ea629b7614b5810efe18a4b86286f6eb812dd36c2c5d4db14dbb143b025ba615b6e98a5aa6fed8ab7db1412ec56caea0a6f8b1b686d8b35c08c5852d271641a069d71410eaf6c500340e292dd49c514ec59014ea62a5d8abbdf15a0d628a762ca9d4a628b5d8b070c595358a69701b62c1a3d77c5907018a2d701b629057ae16325ddf162e3b6d8abba604bb14ba94c282eed850ec0aea74c55691812169c52d7ebc55d8ab54c55c3155ca3155d4f0c55d4f6c50d53be295d4c50dd30a1ba62ad818d26d771db0a1b0b4c34ae03c702ba9538d2aa01924378aa5395b90ec50d1c55ac52d6f8a1b1d3155d4d862970f6c50ec55dd71576296e9bef8aba9be28762ad1f7e98ad3b14b7438a1d438aba9df14bbf1c50de2976286f162d62aec55d812e2076c2a4b58956ea3143a98b20d531570f6c505d8a29bc53c9d8a1d8ad3b1576055c06164ec55d8aba98a92ba94db1636def8a2adac534dd30b15a40181905a477c536ea6f8a0ba98a96e94c520b7f86296b6ed8a0b74c58dba83be286b8e29b762cadbef8b0686292ba98a1c0629b762ae38a1dd77c522970db1415ea30a171c0b4b7dfae2a57571a5b76296be78a1d5db61850ec55d8a696b786055bd314b47ae2ad62ad8df157537c55701f762a5785c286e9be0b56a9be285c177c6d2df1c286c2e155c17db156e9b62add36c921dd702ba9be2abc0c2aba98aa4d95b73b148762968e286b156e98aaea531576280e0314b74c55ac55bc52d1c50ec55d8a5c315753145b78b176290e1bfb629e4ec58db63738a6ddb62b4d6286ba0c5905d8abb15a68fe38a29aa62b6ba98a5ae98ab80c505d5c1d52ec2aec55d8aba98b125bdbfa60096f0ad177b62b4d80715b5d4ed8b1b705c53c4d74c52ec5165ba8f1c514b4d315a2d75c55d8a789c3145374c521ba62b6d014c504db81c514ec55a3ed8b214ec55dbe2821bc516e1ed8aaeda9ef8abaa315a68ef8b20e031412b80c50a836a6286f14b54c50eff338abb156f14b5ef8b171eb855bc09b5ad8a54cfe18abb1570c53b3601c5057537c557018a175310b6dd3095b771c50bc2e4a95705c50df1c2ad9141815d4c2ae03156e98ab7418aae0314b74c50921e995b78762976f8ab54c50ea62abc0c56dd8abb14b47c714367156a94c52e18abb15774c55d8a1df2c55b18abb14bb1453b1453862b4bb148688ae2ae231568f5c55b18ab67156a98a2ddb8c569d8a5d418ab58aba98aba9b62add315776c54bba0ae282d01dcf53802aec296e87be2ade2aeae2c69bae28a5a4e2c9ae409a0058f828aff6628b2a57132da219eee45b681772f70d1c6807facceb868b1b62f77f99de48b4711c9aac5335789fab07956bd3ed01c3ee7c34904b517e64f96e5412c697cd6cc4f19d6ca66434ea41504103023729a5a79b7cb774107e928ade4949f4e2bd0d66edfeaadc2c64fd18d22d3bea032d0a915561b83f22316776eabd3700fb83fd70239381aee3e838a1467bbb6b51fe93270ef4a1269e34504e2ad417769720341323a9340411d70d32e2ef57e26bd28715b6c8c0c5691be2ca2ec557018b15c0018aba98aba98b275298b16bdf15a5c062abfb6162de04db5df0a5a35fa3021bdf156c634b6d6143bb62aea78e2ab58e064b3156d46dbe2ab801f4628b5c17db155dc46285c06155c17254aba98a1d4c55701852dd37c55ba6287118aba98aba98a57d36c50d53be2aba94c55bc5524e3be56deee3be2abb8d7a62aee3be286b8e2c9bef8abb12868fb62a0ba94c55a2314dbbe78a976286b15b6e98ab5d36c55bc52ec50ec55d4c55b03156f156c0c514ec52d1077c55aa62aba9b62ad5298ab8f5a62ad6d4c55b03156e98a80d5315753141757c30525d854388c50569a9e43b0a7f6e2a02e18a5b1fab156f7c516d629b6f142d22b8a505a85fdb69f035c5d3fa502fdb94eca3c057df1624bcfb5cfccc57b59adf44b29259a8563b86064841af5e34236f9644cc06c8e2949e6dabebd6d677918f30e9fa84b14d46b895d624761c7a2c4c0ec7fd7c889b68c447201071f9cff2cec91cb79664ba8c1041b88a4a9a75af19244dbda993f4941e309de99e6dfca2d51e3faae831477a4d121b433c171b6f51cfe034f9e222189c93471d6bf2fad9e58edae350b28e5015acef105cdb75a1e4aee1d4ff00c10f6c9579b0e3f24aa2f3c1f2c3b5ce971de59dbc47e2faa7a571652711c7e3818a04a9dc9500e36a636f42d0bf39ec6fbea96bab68d7d6ba8de8ff00446b6885c4171b1354f4dd9874dd77a61a0d344329b2d72d3cc170f69a6ea7e95c28ac96c8cd0ce9d8f28e40b257da83032d8734ce3d0ac607f5157d69f62d25d2a4ec4f8d5d495fa30532bb6ee74fb49d7f7f6f1923a3c6be9483e456bf89c51c9d6372b14c6c259fd5a8e56eedfde507546f71d8f71842090999070296a9f462c83a95c50765c00c58aea53738a5ba0ea7143874c54b54c55aa6fef8adaf0314374ed8514ea6057530326a94c2add3145b54ed850e20e2976f810edcf5c2aa4c77c0ce9b442ddb141d95845ed8a2d708ce142f11f88c21577018484382d0e34ab801852e201c086b8e2ab80c295d4c50ea57db15762add3be2ad818a5ba1c50dd062aedb156bb571549b2b6f762ad8c55c7156be8c55bdb156b15762a1d8a5ac50e3bed8abba62977cb1a634d60571df0a6dd8ab7d3156f157628774c55d81697614bbe782969a3d6988437b614b87e18ab8e2ad53152ea62ad814c56dd4c500b54c52d1db15775c55ba62ab1e544156aede00d7eec585a5cfab0e12bdb5ac97615cafc05557a0eaec788fbf0af541b799da2a2fe8e92692b46104aaf41e3f18407e8271d926d1365e62b1bd678915a3b88a864866fddcaa0f7e22b51ee36c228b1208e698739df78d977e869514fc3f560210948d7f9c92ac7242d15b9093b712d473d107c48391f0e58b258fe6231c8eb33c3114a728d89571cba7c2399df0ec8dd299bce3737af2dae95e92ce9bbcd2b27a68a3ad59431aefd3ae0b64077b19d7ad75499965f30ea427f5590436c1cc712ab024c84127650391c8fa998e11c92ebeb7d5ede3b78348d5ef964b9631a48cebe94a4ab3708a270a013c4fc5c8fb6f8eea68f30a1a545a1d95f9177a3aa6a96ecdf5e4ba68e669411f691e5e4c4d7a0ad3b6101909487229aea1a3795fcc0f34b77e54b5b80544514d6eab0b99057e13f1a1e4478f86d9120165c731ccbc9f5ffc9ed38dc48f04179676efc9d12106e3d3a6f461466dabe3b77c8d105b0ce246ef3fd77c83afe8082f74dd47d784a333b2992d65a29a1016509ccf8f0ae48490718e89668ff995e65f2f892d2593eb76ec0ab433fc6078d39034f7a75c9ecd0634c9344fccfb459ae85ce996f269576a1afb4907d08d590d564b66dcc72026a286982820925eb3e52fcc8f2eeb366b61accaaf0c94161717b0d5c81d55e5520acab4fb4841237eb84041b7a758df6afa644b71a65d49ac68fc437d42e2532ca910ead6f75fb7ec92efe0d8ee39a051e4cc34fbdb6d4ed12faca60f6f2540049a823aab0d8861dc11858fbdbbfb6b69a3b7f5e146e5730a2b29e24876e268453b12714dd2a895ac59219e4692d9a8b1cd27f7919ecae7f687837df9142348de84629a6b8d3ae29b0bc2ed8b16e95ebd3162dd3156e98a5a23156a9e38aae518ab7c49c55be38ab7c715b770df1a5b6c4792a43623c696daf4f02ae110a61a5b77a15e98d2b4b68b525b1a4daa88d07418d22d770030a1aa0c55d4a61571a62aea62ad818aba98ab4462ad814c557004e2aec55d4c55bc55bc55db75c55a27156c1c55d515f6c5525195b796f02b78569ac55aae2ade296b141762ae38abb14b5b5314374c50d50e2975314b54c50d818aaec55c062aea628b753c7164ea62c570c50e23164d0eb8ab74c56dc062aea6f8ab58abb157018ab7438a00a6b14b58ab5500d2956ec31550baba8ed22e7355998f18a14fb4edd80c2c4a5645d5ed4ccaa201bc84ff00709e03fcb3ec31b5a426a1fa32d1e28b50e725c4dfef1590532dd4a7a55214fb0a3c6991291bf26ee4ebc502581b7d1214505a465f5ae38934fb20aa827e670a481d586f9c6fbd3584cb23dd5fdb7fa447a8460412fa69f0487e1deaacc8e283c719200ee6277ff9b1ab8b54d274eb6035871c67bcb895c2ab303434ad294dea7002bc1bb0cbad560b6ac3697eda86b30cabceefd4a2299002c205f849dc7c4d4c6db00be49adc79bafecec15b51bdb6b0007130c50b195d5ab562f23b519a9b045a77db08dd8f08058b4be726580b43a8cb0ac8ecc6358924318af20c1dd797327f97b77c0cf9f4489bf3035486f23b8faccd716ae4ad2e1cb72e23a331ea3a7c3d30db0e13dc8fbcfcc0d675e655815e4f47749109e112814ad169427b9c28017e93e6c8b4bd445f49a83cf7490d18abb0229b950db9e830331e4c9e6fce6b4864779e49e74068902aa33348a7ab928a6bbf63926042b43f9f1a94ca63d3bcb73cd2062e66704b7a75ff002548a0dba8c1411c32281befcdbbeb826d27b4852ea4352f3d8cad3414aec9219450127b28c14135250b6f2c697afacfaac32dacb3ba87b9fac0f865948e4ea0f50723459f125dac7e45a4919bdd32e858cb2d4a5b4a449006a8f843afc4010c29518d90a082f3dbcd2bcdbe48d412cb54b6312c922cb17250d048d1f4646e87de992bb49811bf47b0794bf302d2ced91ce9d7de596627eb57fa7482ef4fe52022ad6d355543770197e792b6be125e81a479f2efcb9a8c1757e6deeec2f42fd72e2c94243741be18e74de8aeb501d4d3f0c168e03def54b7d4ad75ad4a0fa83f1b6b22f25c80287eb2168a8c3a6d5c2c13d9123b9436b28de61453f3db97b530526ca9d948d359c1236ee414929fcf1928df88c5414585f1c082bc0f0c55771c6d8b54df0aba98ab88c09b771c52d818aae02b8698db74df0526ddc708085c06490d81855771c55d4c557018aaee98aad26b8ab5d3156ebdf156b1571c55ddf156f1570fc71571fc7156a98ab6062abbe9c55d4c55d8ab5ef8aaec55a3d3156ab8ab5538abab8aa5232b6e0e03164de2877518ab58ab862aea634b4ea6d8a29d8a1ac593b14ba98b12ec52dd36c52d531576285c057156e98a5d4c55ac50e1d76c55762c5d8b2762aec55d8ad3b156b15762ad8c55d8ab54c5563350f15dd8fe03c715dd427b84b64df77634551bb331ec3146e95c812377bdd46558e9b33b11c6243bf15af5623a9ed8af25b6925f6b0ab2daa3d869ab55b699801232d69ce3560695fe7615f0c6d24573699b47d056692dd961b8900fac5f39324f237833fc4edf2c348b25e55e6ff395cacf36996171343c64e37972a4a4ee49aa47106ab0f124ee3a60b64216f3bf30799afec2ed2c9aeae63a2b218659feb1200cbf1753f0d7bd298092d822188ead6571a9a3deda5c882edc7195198286036f849e95f0c8d96d311c92457d5344939de4158c8009a7e351d6b82c146f14eadf50d0f5d441720a4c2a22e75aa91fcadd3e838d532131dc86be86f04feba22491ed44d9490077ebfab05a11b623cbda9591b5b98d2da646abc2fb2d4ed5aed4af88db1aee489245aae94ba6231d3995e1607e1635527c430dabf3c94647ab54a3690583347762dee2b1faa48f1a31040fa0d77c91dd1114afa99f4618ae25574b912d1d8557e22837a8e9b838828942b775b5ecf223fa4658ee1a80489338a8037ea4f5c931e6b64bd16accaed29e6c03c8ce4bf89a93d4e214d8653179c59b4fb3b1b376874eb46a49591b91e4dc8f204f7efc70a0b38d1ff34ed62861b28afe38ed6d599d05d217ab3295600804508fe6c1c989e692f9f7cf3a1ebbe5c8ecf97a97d04c1a1455f815481522bbefbe2b652cf25f99a192da6d1e7b492e6e78b35a189584a180a8078d4329ee1c530b2b2b35c878333fd527d3ae5159cdac3137a6e41ddb66a21f90a6401dd9d6cc9fc87f9bb71a402b7334b1ddc6a11ae1dd9e295176092a106840e8dfab276c08bd9f45e8ff00980350b35bc36e97b1baabfd674c952e7d3246dce1a871d37a0c4b55329f2fde5a5dd9036b28915eb2d370d5919aa086debb0a8c8a94d86db1c2c57ec2a49a0f1c149b5c3891b6f9243a801c695b030725752b8dab74c0c9b0b92018aee22bb62ae030a1c477c1496c0f0c9217506297628757156eb4c55aae2ad5715689df05ab75f0c55beb855adfefc55bc52b862875287156cfe38aad38ab862abbdb156f14b47157537a62aec50d13b62ab49c55d5ae2aec552bcadbe9d4c55d8a968e28b762970ae2adfcb15762976286a98a97537c55b00d315760a576141753150d818a5bc55d8ab5dba62875314bb7c54b78a2dba0c52d62aea62b4ec55ba62ae23156b7c55b037c55c7be2ab58f1049e83ae2aa3f1ec17ed31f8dbc01f0c5484b351d46cf4eb77d46e5b8c4b58ad16859998ed50a376663d3e58b017c98fe9f13ea77526b3adcaa9676c48b3d336701850f3900ea457e55c1bb66c3de95f9a3f316d20e705bdcb553eca451caae586db965228bfaf0d8088c0960371f98978a245d32d2356626b3dd932dc1627a8a1009fa322641b86379bebdab497b7f2cc544b7529ac8cbc8b72e95214d2b91e6dbb00c6aecea2138881f88e9f013f76d86988a2c76ef56d4a090959668a44fb228db64c3513ba01fccfaa3a08ae2469549dc483c3c08c48471370ebd716e5b8c842494aac9b9057a104f4a61a458578fcd3731c2629d8b6ff0746047cfb634bc54af079bd81f425b6f560ad6b40b20f930c062c8644649750de5b136939854fda57dbbf7aed5c83332d929d47d7e31f2218a7d995453efc283c936d56ee0d63cae8e9b5fc040ba8ebb3141fde2f85475c15459f1131a62fa6bce6caf24818f3b709252bbf10483f75464da0267737b0cda7c7a832d669948940fd878c536ff00586f8d33bd98b4da8335427c09e03bfcf274d06454d2f5d4d549047863c2c6d517536a8e6a1e86bbf7c78597126365e68bcd3ee0dcd9b186534a329dd69e15c78516c8d3f31a67b6115d4097129014cb2121e95a9038d00c6922442b4fe7c86f2e8dd0b24889939850e4a852815968fcaa0d2bb9c1c29e32cdbcabe71f2c8961335bcd685be1927b19fd192324eccbf091f4114c6bcd919dbdc74ed6352492df53d2b548356d3cc623fae7148e7635afa772a84293e15407b838eec78410f4bd03cdb6ba9ca6ce40f16a1c41586507e21dca377f91df1e6c784b265566a3b1a0ec46e7031e4aa81b763d5b7fa3a0c505b6eaa3b93fab0aaea0c55d41d302b80c149b5c32485ddf0abb0a1d4ef8ab7be2aec52ef7c50e276c55aae2aef962ad1a1c55a1d72212dd7157038421b15fa3155d855be98ababbfb62ae38ab58ab63c3155d8ab78aade871577cb1571f7c55a38aa9e2ab82e2aba98aa5795b7adc55bfd58ad358abb14b854e2add31438f4c55adf14bb143b156fb62ad818aba94c6d5d8ad3862a5bc50d62aeed8a97629762ade2876296c0c55aa62add0e2aec55a38abbaed8abb7e98abb15529472013a29601cfb75a62ab66a2c0ee5fd304015d8050c42ef5f0ae282f38d475cb096ee7d73522174bd38b41a4c129a2cac19834a14fda2c07c341b0c1cd98d86dcde6be6cfcc0b9bf9655b473676a4aab456f58d0d3a7203ab7cf01980ce18fbd82dceaf3b49f64cecdb9e7bf4f96544db90010c7f54d79a17fde48bcdc7c2aa48514f1e986316122c7eebcd1312563658c2f6489284f8fc432e0d1208293ce3756a854c818b7506340687e40634c6c8486f3ccb7178e47a2a474f84153f864a98da1d5ef27afeed902ee7ad07df8a402af1d9198859242b5fdae24f5c5970a2bf44c31afeee62c40fdb5201fa46d914f08434b0cf19fdcb150762bd0546163c053bd0754d3e34f4b565689d4d048006461e0c3a823db010c84eb9a773697657b13cba74f48b7e2c0728a9fe50eabf3c86e1b408c86c919171a35cfd5f50808b7907c5c0d519187553d0e1e6c77894b278e4d26fa5f48868a4522aa7668dc75fb8e48303cd0497416136cf4e04d41ff003f0c92094aaea258e46e1fdd9fb3930d246ea016bbd70ab80618aaf5238efd7156cc89d3145b6b200c3be284f749bd9213446e2b506a06e287214d9193d5fcada84c93da4b6f7cc67be6688c5033473fc34a720bb107b03819936f68d1351b8bad36d668ef609aeeda5e700954a3d07c346280d55ba1f86b91400f53f27f9c13500d67a8c5259cd1308c49332bc7ea115e3eaaec7a1a16a5724035114cdc12a486da87f86152b5412dc88dff00cf6c0854da9850e077c55bc096c7861b4378ab88c6d2de14358abab8a5d5c50ec55ac55a3ed8ab47c70155a3ae40257e4e90d6f8aae14ae155c3f0c55ddfdb15762add6b8aba98ab63155d8ab8e2ad62ad62adf6c5569e98aade3e38aae03155d4c5529cadbdaae296f1435b62ad62ad8c54b78aba98ab8f862ad6297531634de296e98abb15a6a95f9e2ad9a60437852ec55d8a29aa629b6e98a2dae98a5bf7c55c7145bb7e871486c75c54b8d31406b14bb7eb8a1d5ed8aad6341e24f41ef8a9519d9638c723f68d07725b63403c71525e7be7cf3ce97656b73a6b4a1af9554bd9c64160a58579b6e17607e9ed896500497cf3e65f365ff98b57e51abc36ac561b7b58581f4e14db62d4de87734ca8b97c0abc2dadd7d386264896bc4cc4348c09ebd80c8533dd8feb1777735560e40024505141fba871058b0fb8b558cbcb2c4b24837dcf2fbfa9cb43510c7efde5ad553813b6c2807cb2c0d52b4359e8f717f2d01af7766d801ee705b111253b8f47d26d68b35e0790751183c01f9ed5c59100220ebd65a7c66388c8c29c7d41f0fd1b63c28e3a43c9ae8d4182472852450092314fbc1c354c78ad465b1d51e379e15f5113edbc4361f3a56982d98894b7eb97abf04a81d7c1bafd18691651b108a789d005572b431483e9d8f635e84634c6d0e97179a5b0b8d36768dc0a48109dbc4329c57a2776fe6cb4bfb76b1d722019feccca3e1af8d3b1f7191e1ee6c190754aaf6d3d360f6d219eda9f035770310a47725532192263c7ec6e48c93594ba4ab2d2b51db261812a2ca5003db0b12a922370063dd47dafa70a10dc9fa76c690dd4fd38aae5e55ae2a8c867753b1a1f6c4a4321d03cc9268f7d15d6ee23757e0081ba9af81c14cad9d691f98badb86b2b5bc9608ae182bc28ca8acbcb900401d89c8d243d83c95e75bad5e96535dd7517041e6232263d789200352477eff3c5341eefa06b922d824cc395831039824888ec2a2bbf03beddb1614598a95002f7eddebfd7162bc78e156f02ba98d2b630ab7815ac695bae156ab8abab5e9d715777f7c55af99c55d8ab58ab44f6c096a99155d5c921d8a5b1d70a1762ad62adf5c557500c55db62aef9e2ad8c55b26b8abbdf156a98ab67155b5f0c55aebdb156c6dd3155ddb154a4f5cadbdac55d8a5d8a1aa6f8ab607618a96fa628a2e3812d6150ea62add3157018ab74f1c516edab8a5d8ab58ab78ab743d4e28b6b14bba62821dfc714b80c56db3d29df162e1d6b815b22bf2c42b80a6152e23b8c542d3b8f9e2c9aae2ad77c55427b98ad51e79d82c7183b9341b0a9dfdb0b125f367e69fe7d49ebdc68be537f892a973abaf50bb831c1fca3c5fa9c6e911892f248b5c65d2e9728ccf7f21b8700f16286a16ae4127a654772e60149a68171a8cb09e0a2dacd5c1f5382efec0b75c8134d8237cd1faa6a16104ecf3334924438b2803827bb33537f962012a6422c7a5b982e03c91c324aa2a4b852129feb134392e1a63c56c7f51bd8509140b41b22803afcb2603125274fabb87babb21501a2440fc6edededef85a89a42dcddba2500f4213bac2a4fde4e10bc497ccb752272504c5fcc3a6163cda8ed5820676a93fb3424ff004c28a5af1b44430a86ed5db14552296399156e6cee4c7215f89412841f00475c0aa2f35c4bc44bf13a9d9b62d53ef8a2ca11eea447a32eea7e44615a5696f96e54161c25514122f5f91c69280767635ebf2e992018156b6bc9edfe147210f63bae2424129a473c1347b8e1327c52213b30f1191a6625685b9b6b7951dadf63b370ee0f7a620a08b4a9aaa38b8f9658d74ba394455a743b11d88c0a76526d9b9274c28b752bbd37c050e048c2b4e566ed8ad2aaaca585314d329d1f4dbcfad44d048124488cef21a811aa8a92d91662299e9cfaadb5f433c779c1cc828f131e4a6b5ae0b6462fa4fc81e7ed423d30daddbfd7f4b2384f2b2d1d448bcc93d0d373d7efc36c381f40f97f52b7d4f4bb496395642c28e41150c83ed52a4827be0609d2126a0eec3b8ee3c70a176056c615762aec55d8ab4715762aec55d8abab8abbb62ad1e9b62ad11f8e0a5701be0a4ae1850e3855c3156ff562ad838ab74c557536c55c00c55a23eec5570c55c76c55d8ab58abb1568d7156ab8ab78aaeed8aa544656ded629775c505c6b8a8753156e8715750e368b75305abb0a8760b4dbb1b5b6e9b61b50d62876f8a4bbe78a1ddb14db7d7e78952bba0dfae062b4ed8aba86b4c6d36e3b614b601ebf86062dd30ab8818ab58abb7ef8a1dbe2c9a3ed8aac3d69db14a0f55d574ed134f9f54d5675b6b1b65e7248c7c3b01dc9c34825f29fe677e75dcf9ad6e747d0ee3f47f975471bab963c67b815a9441d4293d70db1e12777895c9bad61e2b7d3e378f4f4609f19aaf37342cc7c4e45b8065f0258c26479a8f1d984810b578d221c6aa3bd699497242f87cc3713352c138c7157f7cca1b89ec234e9c8e1aa5e22be3b1bcd449bcd4591d168563215a3527c481f13f8f61849a0888b416a975c432997944940483b01e000c40492187dfcfea4a7d35e9dc8df261a49282599a2712b2f37507886e80f63f46498142229bbb806673427e261bfdd8b1e6982ce964f48280aecb5f88fd3db16560724c535eb111347a8e9f04e5fa343ca0907fc01e27e95c69889202e2e74a740d0c7340c09239387f97ec838299584adef4a922bc81fe6007eac930507951919d410c0835070808b517b9490d67258f427bd06348e25c86da49923b524331a7c645093f76354a4ac9fd6b791925468d86dd29858dac421c711df0a6d6bfab136e76ed8b1dd7c6d349f61aadf8e242412acb7002982f21e4a7a1a5194f88391a656a134118f8a27e4a7a788f9e498a82c52357802c06e69e18b1a5b538dab61be9c2abe94dc77c555e39780f7ef8aa6306a6fcb88629c8716a56a57c3e582959126a5c9e23300413b91b12294ed81b03ddbf2baead6cfd7d52c897b0d3f4f7bcd5eddfe200c6cd45a11bd76a7dd91492f48fc8ad72f6f64d5f45b95ab59f0b8891b8b02b31af1523605476c20b1907b6868415668d416d810a37ef8b157434db727c054d30217820f4fbb248762ad62aeaed4c0ad6156fb62ae18abb156b0525bc55adf1b435538ab86d855bae46d2efd5850dfeac2aba9e18aae02bb62add3156c0c55d8ab47155c3157138ab58ab58a5b27142d38aad3d698ab63c3156eb8aa5e40ca9b567cb0b26f156b14176056c57b62a5b276fd78aadc6d6dd854386d8a5b151f7e041713f762a1aa614b6453bef811cda18569bef810d814a78e2ade2ae201efb62aede95efed815a3b8f7c36ad8ad3db156f738ab54fa30abbf862ad9e98a1adf14ad341df150956b9aee9be5eb09352d567582da3aeec402c7ad07be1525f1cfe6ffe64eade6f626e2e4dbe98253f50d210107d300fef653dc9ec0e06423def1f770ee3d763c00e837a7cb1a648ab0d40c7344a1cfa5137354afc20f8e2520a6faa5fcb1db445802efb94f6390116c94bb93ad0ed246816e6e14d9698bd62881f52576ea054fdfbe09364450b2b2ff5b96ff95a5a0f42cd2a68bdc0d8014db1000626ca4934a8a8ea454a0ab13d0576db24c48a4a0ca8e4915fe27fa64b661bb42cbeb2390f8abd2a78a0fa4f5c6d8f0db8da3c5c507c5236cab18a7f6e36cc45a1a7386fdeb84af50373f49c6d14b8c961608c6340d291f6dfe2a7cab8b1d8243757c6563c453e429fab2603512839246e2189d8ed8695d6f3287a49bc6db37c8e1a636be7b4a37ee5c3a7500ecd854a8885d7720838a80a9eb5c11c4b920fec9dc605a687c2790f87dc615443ccf3c4a1951f8ec1f60ff23dce294380c8df0b508f1c5169a5a6b0f1f18aee04b98ba7c405403e046f91a640956bbb6d3ae18c9680dbb115285832d7dbc306e19582875d3ae6d9d6488f30db1e1bec7b531b52105770a0958c55515dd0f507082c0c549233c5d94eebd47b6490b15db71d8e28b725397c550b8aa2d1e08c9e20b1ed5fecc1baa63a7dc24b27094f0522a1cd7a8c0c8328b0d7ee2ce632e9d2347000a2e2d5dc949d41a946029553dd722d941f4c7e43ebb141657bad5ec91a3ea57456e220cbea46113e16a36ca2a4a83f4610c66f7bb7d46da66530ce2bbc88d27125e3651b7253deb8b5d14d4129450b41d94743fea9c557d472523a3547f1c6d0bb1568ef82d2ec55d4c921dec0e2ad8fc71571c0ab71b5776c096ab8ab55c6d5baed8dabbbd06056fe79242ec2ad8c557818aaea62ad8e9be2ad62ae23efc0970c28752bec71575314b5b62ae23142d38aadc0ad8ae2abe9b74df0aa587afb656dc1af962971a9c521d82905aae1a5a6c75db15713b7be0080d614b87e38da1bebb62976fbe062e1bed8a5ba0dfad71b5b6ba9ae2a1c053718956fa8dfad702b600af4c514e277a76f1c534df1fbb0dadb8fcf15a686250bbdb021ac925c4e2adfbe2b6d31a03d80eb8aa97ad08ff762fdf856d07a96ab67a7dbc9712c8a122469246dc85451524d2bb531a45be44fcd3fcc15f39eaaed14affa2ac5825a5bb02a6720fc4c07ecd7c4e02db18f52f2cbd83e39356bf42629791b5889a0765201077af115a7be00ced8b5dce5e5691a80b1d947403c0649ac94c7400b2c9e988d5abf1b48c2ad4404903b78644b38a71a3d94faaea5ea48c7eab16f2b1dc000ec3e6701e4d806ec8755ba7bb416968e16d57f73c80006dd554f801d4fd1e391a667763d7d7696b01b2b6356ad1dc6c4fb5708dd8d284300fab953567978f26a74a6f41ef8540b4c20d32bc0ac6a031203b8ad4f801dfe8c85b2e12a92dbc304de907f56f08ad3634fa0572416fa284b69670235d5c3b3381f12fd9ab1e83c705a90031bbbbd8d50951b1d97df26034ca690cf712b3f26dbdb2da682545a5965276fb853f561e4c57988b4001da8d5a9f7191b647937159c8c39246641e282b4c95b00155a2731aa9421d7a721434c16ca8b44bd78bf55c04a6a9dc072e9b75df22aa523d0d19140f61962148fda046162e237f8715578d4d0b8eabd8f7c52aa24b76dc2947efb92302aa24d342c092788dc76c1b255aeda2b86334679923e2aecd5f7c8b226d03e9f0dc1dcf5193b6348765ee31434c9415c2c56af20c3f1c551d01fd95c055358ef511edeaa55e2a3735a5491b8ae459dbd87cb3e78d16e3cc365a9deccfa68b988457ff56465e33c600590089949e7fb5d3010ceedef5a06abe5c14bc6f305d8b6978ab4c92cc91c2e6a0921c302bfab001e68241e8ce749f385b59dcfe88bebdb7bfb70bced355b5752af193f665507665af5c9736b22996c77d0ccd486459197ed906a006e8df86348470141d6bee7be285bdf01096c78e21577ebc921ac55d8ab5b6055b8292efd5842b58085753052b74af5c55d4deb8ab60570855e076c921753155cb8aafc55d4c55c453155b4c55c062abbb62ab4e2ad0c55b3e03155a46d8ab54c14ab95698d2afa6d85529a9efe394b72d24e492d8ad3014171ad70b26a9e38da2dddf6c016dbed4f0c286c10050ed914343e7855ba7dddb156cefb76c55a0bf46056f71be15701e38a6dba6d8a01701e38a92df6f6c0aea77ef8ab5b8c55adb14b7f46d8690d81ef8abbb571b5761453abb628a753be2cad6bbf0524efe02bd4e215f36fe76fe6335cdeaf94b4b994d9ab06d56e87c4ae41feed7ad40fd74c0654cf1c092f17b8b28a1d32e757bc61146817ead6c17e2901341b9e83724f8d3220db91214f3dbebfbaba62d2b9289b20f6cb1a12fe2640ee7a290bf49c58109d68d70b6ab54a7aae8d1a8f77a57f01902dd134ce2dad0da694b636c38cf3b0694fb30a9ae42e9ba22d2ad4278ed784309a88c6d5e94ee7e9c41b491496da69ed7732cb2fc31337da26837c9314ee5b8d274f5304b49ae8fc50dbaf723bb53a28f03d7070964481c9a37774d6d0b4a3fdc8defc165691f5119d8b903a0ec2b89a0c4592965cdc59680acb1b0b8d598d1e506a013d969e1e38ee532223cb9b1fb9bbba9d141041df96e69b9cb038c492975c28400c8c2a3a614140dc7176e607600fd19205852d042807a63cd6969672d4036388d934af6c93a49ca2aefd47623df24c6913591e4f889565dcad6a36c833a539a27af23d0f7c08216c60f2e07bf427c714537f5632b1f877e841c36b48478c2b15e2548d8839305890d8888048eb82d203b835057be498ad60481c70257face4712d503c4e3480b55d81e7db157349ccd58d1bc71a656b694dcefe18a1baa91b9c282be18bd670ab403c58e284c22b57e5c1472634fb22b91674b1d85bc9fbc5e54fb4bd0e1624aa437b4915d071e2452982920b39f2ff009d24b59a3faddb2ea02305429aacaa2950cb22d4fc277a10478e0a6c122393d6b4ff00ce8b684594d756138d4620a25928a229d17a1e2284123e13d411e18d79a082f5ef2b7e67791750bbb46d12f85b5f3cab14b65744c5c91c50821cd3c7753d7160411cc3d82d6613c41c215152b434e40a9a1040ee30b05534ae056d462ade36ad77c6d5c7155b8292d6056ab86d5c4e0b5a6c75c6d69bdf0ab4302aa05c92170185570df155ca3156fb62ad8c55cc2b8aada62ad8c55d8ab4453156875c55beb8ab88f1c556d3155e062abe8315498ed9537addfb614af030312e2388c56daf02315a752b4a75c0876fd3c30a5c3ae14d36003b9c0c4b74ede18ab74db02b801df156eb8690d124f4c692ee837c0ab6bd70a69b036c50df4dbf1c55c29815aa6f8426dbc286bf0c55781e380a1a237f6c212d62ad1db1402c1ff33fcd2be5af2ffeecd6fefcb436aa0914503e37db7d81c6e998165f2ae9d662fa5b9d475799ff0046c5fbc991405771bf1404f42e683f1ed95ddb983d2185f9cb5bbad5f505b664105b4239fa09b2a8e836ed400003c32caa71ec92c46e124fb645031e2a3c00c2868a7eebd153b72e67e74c08349cf966c566ba13ca2b0440b301e0a2a69f46d80b640332b9ba16160f2ca09b99800bbf7a653ccb917418c965949321aaee5dbc4ff66594d7687b8bef4e291e327d341f083b54e1a606695693f599ee9e4039cf20a339dc80dd8648b08db207ba1629ea31f52eae54c6f39352b126dc53c01a52b95f36ee49242ae647bab8a007ecd40277f0c9b51b425f4e4a9606807503c724c094adcbb0e46a49f1c2d765c010b523e67164a4d5635e83b610825b2e40000f91ef848422118b80f5f4e41d48daa30269196ee1a2939f56f855cf6391641461b8104cc97039c2db38f6f11ee30a2e8aade5aa47244f13738a5fb2e3a53dfc0e292b09742d203f129a3634c2d427633519fe21d2bdc0c28e6a771228558e21441d7c49f1c214ac8775a7e3e19262b8a0a01f7642d95283c7419205042d20d3e5858ad4899cd49a0c52db8e1b57155b5a6f8aa22dfd4afee94b376a75c5099acba82c3c783228eab422b914d14149ca8ccdd4f5fa7085a5181c06a53e47128a478965b7904b0c851a9f694907714ed912cd3bd13586b59e196bea3c4c1d164dc0a785706c91b3e9ef2ddbf937f30342fd232430d86b4b1ced24505579cdc898c15aff002f4c047733e33d5ebdf95faf5f6a96173677d37d6a6b3294b8ef2c4ea0231f1614e2710766b90a7a08dc5474386d837faf0a1c7a62ad604b4698ab58156d48c36ad6057604dae032485c30a1b1ed8aaf030ab6062ab80c557018aafa6d8ab606d8ab88ea7155a462ad53c715762ad118abb156c62aea57156a95c557803155ddbdf1548f2b6f777d86296c57e9c086fdfae2868fb75c50d0d8e29a5e4569810d57db0aae15efb60570c2adef8abb7c55a3f2c2ad5305ab6702b43e5856dbdf156cd3ae056a87256ae03b62add315762ade2ad62aea6d8156b7878feac2af9c7f3cf599a5d796c88e31471a7d5dff00c9a1e5d3b65722e4628bca6f6f43683713b3fa7a5583b45014257eb7a9c8950a29b958c0249feb862132799b2f28aaec5eeee58b4ae77f85761f79c9b000529fa41ac66b8615f4d846ac7f8604d21638b9a2b29ddaa9f4aeff00a8e1408db34f2eda247146116bc8786ff19a53ef2329917220029eaf2b5fea2f147b229e080f4555a0ae2124a557ed0c47d18482b1fc34f7ea49f6cb035ca923beb94963448c516bf11f1392a6a3c933d15635fdc97f4e475e7330ea12bb8ff81c8c99e3d975ca06884c47c3528a3b6c4d07d030066425edf1afa8e68168a809ea4e49ac9438b7576f50b0a0ebbe49ad61b579de950221dc90314d3ae6d6d223c45c29ff00246e7f0db0b12404149144b56e751dbb9c505442f221546e4d3022959978ec3eca0a1fbf0b3a45ac54b289928599fe207fcaad3f5634a4a89685978b22975fe5269f8e2c46c8ab789ee2d5a3a11c5b6c0cb86d6c9017b77956a5c7c13a7704746f91c36c4c5076fc4d796f1d68ff004e2540735ad2ebd07dbfceb882831574b2a38e0ac47b8dbefc0a20a1771f099993ec9dc53b788c5690dc891e246f92082a4eca46c77c9b153572366dd7142e016b56e98aab5bc314a78bf2507b800febc0b6af1cc6c26056840e848de98421327d66d8a72003b7f23723faa830526d2b965370d5a7153dba0c50af0db205e54dff000a629a522e44cd5154f0c5902af0805be0d89a53224282f5bfcbed565b1ff4681cc0d794b6699cfc29ea10030db6f9e36cf9bebbfcbdb08345d386c604ba205bcad46fb1b98e6f072d56df6ed8006b91b67c24e127071c198d00fd927c41fe1858ab1380ab5d71568f5c0ad1c55aa7862ab7be2aec55b1be2abc0fbf25485d4db0ab606fbe0a55d4c2ab80c55ba6f8aaf5c5578c55be98ab47a62ad1c55662ad1ae2aec55db6296c6f8a1d5c55bad7156eb8ab7518aa49534db2a0dc1defdf0a4ae1403f5e458b75c2b4b4f5df08641b037af7180a0aef96043b156faf5c50d529f3c925b07052b6695c086ab8a5d8abaa6b8a1aa0c52ba98aba9f762adfd38a1681b9c925baed8d2b58ab7f462ae3438a169c52e08ac4fa9fdd9146ff0057bfe18a0be4ff00cd092e75df3443158ab49757a91c10c67f9e435a8f996fb86532dcb9b8b60f33f3b3db58d8456b652892d2d2596dac7a8e4d1504f3effefd7247c972d0d323658e69ba74971a5cbab3825623c49ed5a569f4e02598e56965f11122daa1f81cf30a3bb1c203127a21eda16d998108bb81ef8964033eb21fa3f4c494afefcc4c6beec0a8fbaa7282777240d9259e45b681ddcfefe4dc78ed930d72d98d5d3160c4b925bed9f73960693ba9344a8a8596a2bb8f6030b15f6eb30e6fb8790fc47dab80ac414c1dbd52aaabc56940a3e7bfdf916e42de44d33f01450953e1bf7c9068928708d138b30a36dc07b77c928e4a0f245182594b1036de8bf3db15b4bd9cc8c4d0281d862c0a9b548a1d80df145ac8a568e4f8376a1ebf2c9d2012ae8d4b492bf6d9d40f90049c8b22ac93d2d4c1df9232fb70e43f8e2aaab62d25cb88e9c28252c76010f7c541b46581712703baeea37ec722d9168cb35b5f4a5074e42588f465e841c2181e682b74f4e590c7f61b62877a6fb570ad22563ba9ee04b0c40c8a685a9b0fbf02d22ee65e0198b7a8e7f6bf6453c316648012395d9cb73e877dbb1c5aed0ec29d32418943bedb8e8726c2d657c71554404f5c5512aeca004c14aa89686e18558973d875c50b67b436c4a579530da6975ac46634e248077e380af34eae6316d642595d61848f8222e0cadf40c09e490bcc58edb1f0c348b4d6d12085ada7e550ed4607f677c05986553c37d6969fa4ad5ccb64c550ce95e08cd5a03ff02687be41b4517d2bf923f98d6de60d35b4fd46f163d560f4ed6ea39d81f5d5f6867504ee508e0f4ed4c934c8d17be594f24d6882684f00c62952a0b472c677501a87dc60b6251c2709fde12146c4b020fb7b11858ab0df71d3b1c1497531a56f7c3485a4e0b4ad3e3815ac5570c55506490bb0ab6062ad8c557018a5b15ae285e062abc62aec55c7e58aac38aada118aba9b62ad629778e28774c55bc55dd315757156eb8aa4dd7a6561bc38786295cbd7c701625c683157501df15b71a8f962ad83df15a6fefc569b1810e3f3c2aeaf862aea6043b14ba95c5576286a98a5a049eb8a1b351df7c59535be14362bd71438f8e14bb6c0aea7dd8dab54a1c6d5aa7df8daa1f5062b6372030526197e23d00084938569f24f9b6e2497ce8e96f2fd5e682154371b441008fd367dfa1e2ac72aeae6445078bf9b3564d67579a7b54f4b4e46fabe9f6e36e36f17c2bd3b9ea4e5c5a032db5b4369a0476579100211ebb2d372ee81854fc98656dc0b01b78fd5bc96e1855632680f89fe992b60027da5e9cd7b72884708c0323b53a2a6e7efcac96e09feb92116f14083d39a4a0500efc76feb95d3692188ea530965201fddc638a7d1d4fd272d1b38f23bb5a4d924d2bcd70bcada215947f94df669efdf125622d6dd5a1051d8523634f0dbad70821320a8e1e00d03a524a815ebb2efb7cf0a80ab0fef1e392345e45854d76241c0804212f2c648e112cae080496e26b5c20ac80499d5a42580a29e94f0c95b4ac788f1e03a614283c7e98a537ef8a10d2b0a711d4e101812d5b271b8591be2456048f6ef89508bbbb7304e6006ab5aa91d083d0fdd81952e8202f2a469d58d2a7c4ec314b51bcab33c2a7edaf071ed5ad3ef18b10132d2a075b98900dcb71fa48db016d885d300dab44c41157f4271feb1295fa46218cb9aa35a0b3d4d91c866084b01bad53b7bd6984ee98f355b8855a693d325227e0e3e8353f70c093cd2ab852e6248cec4166f01b9c2890096c8394e789aa568325d1a82bdc42896c8e3772c7ee1884909753620fce9936ba6e3b77954b20e5c4807e471b42a7a5c49e5b0190b67d1721dc8a75c368a47d8a1f58151523f5636a026ba96994b6132ba191faa03f17d3e18a69257496c622d28e2edf647b78e28a403bbca6ac6b5ef9245354603db154424ec80231252bc80aed5c090cffcaba9b5de9b7fa0487f713289a240772537e007cfe21912198405a4f71e5af30c72d648a3045595b8c815bb823b8c09addf72fe57f9ab5bd734c824d6516e1eea2574bf4a079446bc55a4514dc8e26bdc1c416128d3d1a39939282480e3e1a83b8ebfd7160bb8343578aa50eed10dc7b95fe98a55968ca0a9a83d0e162bb0aac6ae40a5aa6dbe2ad53155c310aa8b9242ea0c2ab8038ab6062abe9be2ad818aae18aafa78e2ad118ab445062ab7b7be2ab69b62aec52d1f6c50ec55ddb156b1575714bb143abb6294a3b656deea60b45af0287145b74f1dce0434c361fc3157115c55c001db7c29b6f7fa31a4389f0c695b0be38abb61be2ae02bbe05b6e800c50ec2975702ba9e271571fc714355f0c34970a938aaeed815adb24aedcfcb156b7e9815c76c55db9c552dd5a668f4fbd340c7d0917e1dcd191836d43db0a2df0cfe61ead3b6a5706272b3ea6c567a0a81cdaac3c7a53201c991d923f2be83fa675fb5b61196b4b72f2dd35405f4a152ec6a7a0e2a724811ef4cee751bdbcb2d5ee266ff004b6ba695853621a8a40f65002e03bb681b31fb6b65555748ff00bd604ad2b5a1a7e3902c84592e964c2ce00acf39542b4fb30a90ce4fd3c4604f5d905e629c9b8122d79053e99ff2db6e9f3391886c93159bf662e3fbcd80f98eb5cb838924ea38248ada2b585793d43c94152d23f4fbb204b7442753e9d6eb616f15eb7a2671c0ce7758e4720a171e15001f63908f36d95d31ebdb2bdb697eab7000ba8c717e3b8e3d050efb65bc4d3c2bac6cd99c28aa8a5003d0789c04a88285cc72b48b1f004b12a01e94f1c414905427b2766e314745141b74a8c218114844b19559a498715278a03dce48161c293dd82ac540ef926a214040494722a0d70a295c40a19bd31f01dc57032a45340f72d1482ac147034ff2460b64224a2fea7e95c2231e200425bc360710a4529c88ad24778a0543f0907ccd09fa70b1a4cac63485d257ea92a9247f28a83f81c849b63156d7ed45ade4b3c6688c55aa3b87a10c3241848515c4dab7a0ec8cf2103915a053c878d30a421e6052ea387890cca5b89fe5a1afe0300526923bd9fd0531a6c08e05bd8616b9254936d41b53a64a9aad3ab6805cda7c2378e84fc98e45b0025053d8ac2cc1b761d00e986d486ad565824529dc83c7c7e78da0454ae94fa8c08e3bd401db0269d0468b1f36dc934030a392a8be6b72a2102a7b1e9f864a989369ce9de685b150cf6e866aeceea245f9046141f31854253adea2da85c89d9948236545e2a3e838b126d2d48d8bd17ecf5fbf0a80a720224a1e83152aa07c20f718a4273a3de35b5cc52a1e2ca41aec7efae4086419ef9bf4992fb46d33cc56d171b758c40cd1aa8042b539b15037a9a54e4416646cfa13fe71abcd0b7fa11d2ef0567d31c5adc1277f4653446a11b50822b85ac82fa0f93a5c24527da52df101407623e838a29175c082b6857e24ff0064be3f2f7c210a80860181d8f7c921a232252b702b5df155c315545070aaf03be490d804e2abc62add0f7c55bc5570f6c55762aea6f8abbb6295877c50b4e2aec5569db156ab8abab8a5adb143ab8aaeeb8abb154a294cadbdb1e270152b8789c0c1bc52e3d3143406fb77c52df7c55d427e586d5dc6985571c8ab43ae2add3c3143b084b5438daba9ed8abbb9071a43b02ba94dc62adef4db156bc462975324aded4db22ad577df0ab8efd3108e4d15e428684781df0a52ed7411a3df2a1e05a095790a0a728d857157c137a5753f316ab2dcc9c20d26099d5e9cb9cdf0c617c2a4fe0300e4db56533d226b9d2fcada8dfc1015faec6ba7c33a500596e1a879773ce349862c8df2296cb0c91da9703e2645527c7d414fbc8df2a2777200a088b1b48e3b876e1ce1d3d3813d394e40dbe82715b4d3cb50fd62def352936339f4a03dbd38ebc8fd2c7f0c84bb9b61bee122f336d7c0b2f1e3232903c51ba630d98ced22d3963babc225148c301ccf5f7fbf2d3b350b2cc34fb26b49beb127c4dc961890ec0cd286a7fc08ca89b720469314b5824b79ec2edbf70226919cfc54647ad7e800d3075d9248a484e973b412de5c6ff198e120d4704dfeef0c912d718d22b4eb28923965734010051d41e47735c1236ca314b6e2c5a9248493313c54761920504520a1b22d70217ac8a187a8dbd3e5f4e4c16ae141ea51ac6ffba148d5c800f5db0b13c92c96c96e17d51f0c8e4edfb248efed926be6b059882da16940e5cdc01de9518da6952e34f546a21fddc8a590fb604d22b4511fa3791b0f88aabc00ff00383423fe0493f4625944523ae6cfd4b0b998ad1e231b07f153f07f1fc300490922407988a84f346a81d993e2fd5926a2374c2c2412fee5fa4c1550ff00c582a07e34c53ba3b5206e6c2d2690d6254165278aa114463fea9a6007753b842d85b4ab0c713ad2585983f7f80806bf4146184b111b55d4c27d62c2e53ec149233feb1040ff0089620a242988ea922dcccd2034a0a71f7c931296448559864c3490c9b40921de29c7ee9c8490f70adb123e42b902d90f344eab022deba71a92a0a9f9815fc41c01b0a84b6c22b28642b49587220f8576c6d956c92dcab3cccd4aff004c2d450ea19a6118e98a164958e45e23e32682b930c0aa492433b08e414118015946e4f738698da9c919a8206c3a571547d9aa35a9171030f4cf28ee57614ee8de3ed80b2050172819cca94009e9e18420b50ee4a0ea715454028e14f6ef80b20f4bf296bd6f2e85a9f9535565fa9ea30f1b39debfe8d71cc10c08fd961c95874df20de0328fc92d4e4f2af9fa1b0bcfdddb6ad149632a9249f550fc351eecb4f93616a902fb6219cdd7d4ee6b53202b21ff002e3aabff00c362d4988c285e0571437c02d481d7ae2ab48c692d114c14ab69be34ad8c0aaca36c9a1781ed8aae03be2ab80c55b1f8e2adf5c557018a5bc50d62aec55a38aac38a5aeb8a161ef5c55ac55ba62aea62ad53eec5570fc3155dfab154a38e556dd6e23a531482dd361e3818b78abbbe2870c52de15713e18d2ba87ae156f22ade287786296fdce285a7084adfd7855bc0ade05688c36aedfc7157615762aea62aec8ab78421a00e154a3cd170969a1dd5d4ca5e28559dd45370b1bd7afb54e290777c39a3c16f1f937ccdac5c7133eab702d2d64601886492395a9dc12ad4af8645beed36d7ec6dad742f2e5bd996792e0ca595aa01e2c21434fa1fefc896c8ee54dad5240ae54fa3681aee603a15840403e962a32a01c8297def2b0f2dc28148bed525927727af09085503eecb0359641a441e9436f669fdc45014af6ab90493f7019549b6218d79ba17919091c43b73e5deac0570c07559df249341b576bf4818528c6566a576405864e458446ecf25b433b450a1f4cdb7c520f199c00bf481b9ca5ba9725951258d287d61c5091b5211b8fbe992bd9404bae19edc7d4c27ee954285ec52941fab10c64bee8ad8e9c117aac608f1e40f151f791f7624ad52f102c569109882635e447535a77fa708a49e485b38a2218d2ac84cb5e82a01353f2a6d8581269865ecc26bb58d577a96e27efcb9a39945d943eadbc92b8fddc4de98000a1256b4ae0b6422965e2b8b88a323972268a7b0eb842155d47a7e9b7da2cbc7d875c8db3e15f691adb5ca0a9fef10b7c8f5a6145514eef923896f6df8908208853b55981aeded800a591b48ed5512fb8beea53e13db910464adab642dbc662bab78dabc439240c6d90df922deed66b4780d02cca790ee181eb8a08e8a56d7924733a135631b2313eebb9c9206cb2e2e8b5842c4d2489c311f23fd9886058bca0067dea09d8fb5724d650d19e321ef5e986d8008cb598abb8068c45569e237c1cd927515c0be9ede42c493b48c3ad06f8086c894135eb5dea0c85b9296522a7a28da98d209dd52e5522b99d54064e34a8fe638a0a5769c4dd475e8411858daa4d66e6593e1dd1f88a7bf7c21056ae9bd810d21e80b014c2c29596d04608b97aff2a8a9ae369a0b6e35068eccd8ab491dbb372f479371e54ea57a570a0950b781258e8ea197c6a053155aeb0c1558f7f16eb89544c5e8c8a8eefc42ed40b527e67a0c09b4d2da48c32a8aad450641b0327d1ef2baae972b332dd58b4d3c522539b4aa9ce215ef565a63d1487df3e5ab84bcb08278bfb89b8dcdb8ede8dc44928237ff002b0db518b22515c2182a28c2ae23155a462ab08c894b55a6f8daae1bf4c42aa819242a018ab7df155c078e2aba831575298ab629d4629b6f1438e2ad1ae2ab49ae2ab0e2ad1db155a715680ae2ab80c55bc55a23156c0c557d31549c6d94b735bd7155d8a2dba62ae15c55b18ab81ae1525c06f8dab7f4e0571f01855bea3021d4c55c7a62ad62ad62976ff462aef7c2aea8c0aea62aec2add3fdbc6d5a229855af962abb00453ab856987fe6748ebe4ad5238dfd379963b7121e8a2e258e166fa15cfdf8f44c46ef8fc5b98bcab69a62317373ad5c451c200d951a240c0ff00947f50f1c88726b74eb50b88f51d6ec2cda3e3068f686189577fdea48d2127e65c65790b6e20aff52799bf46a900df4c96cc3b085183393e1bd4fd19545be491eaf1c5abf982dd223fe8513fa708ec238c90b4fa064ed844594e22468e7924e5f13cb144a0740a583124780190916d012bd72db9c334b4e5242c003dbf6b1e451b9080f298ff00496678b9a44acc682ae0115207ce99226d316571988dc24ecb506579debdff00760d3e8a1cacb60dc29cacd6d68a919067441b91fb737c6c3f1c95300975d22cdac5ad5795ac6a5666f0247220fd00d3df108345abab1135c4114b410d7d493fd723e11fec47ebc534dcb1fa93c500028e39bb52800048a57da992083142eb7710d8699fba5e32dc96f4c5287d35dabf4e316123b30543e933cd40d34b4507b2aff53975b4046c5298a0f4797c05b991e27236d9c28798462633bf81083de9d7256c086ede0fac5c471330afc153d7600572122db08957bd8c1bb77e3460ca49f0036c00b290a455fca648eee427e203d061fea1a023e8a64da08486d41e6a49abb1247b2f4fe3926348b8a3f5350b309fb4e01efb9ae0b6406e965c122565a710bb01dfdf0a2515ae196ebeb14e292255475ad5724d3c8a93b136b328dcf204fb0030b1dca412b332a8185694551d650ac3bd298d208552e639cd76a1c5ac84cf4a7648a664fb6c7827b06dd88fa36c05b22364bacc9175ea11d0107e9db0a2e8a2566324f3475ea493ef435c0a565ba8fac48a3ecaec0fcce150a73ceffe951ab6f5a8fa1bfb7241849022462c19d896f0070b1053c97cc71bd825b1b688cd15025c7c5eaedf4d3f0c7649924b2dc4b3b92c79339a9e5d6a7df160b9418c519b73d8615696ac3e2e9db1649959a12ad1d7e07a723f2c8b3051d6c79c848fd9dfe81916602730dc183ea97f093f58b29793d36aa020a9afde30268beebfc9dbc96fbc8de5e9a5219a2b3faaf21dc4414257dc28e1f462d279bd19708605557f1c921b236c5561c55677c884ada62abd46215517ad32485418ab63155e062ade2aea7638ab80c557531571f7fbb155b8ab4715537c556febc55aa75c0ad818aae030ab80c55b34ae2ae029fd3155d4db1549c0ca5ba9ddf14b63df162e34a62ad8f6db1576f5c55c283e585570f6c55a3b1a76c215c05705ab7d0604344e1a4b46b8d2b81f1eb8a1d5c692ec0aea0186d5c3a7be0570eb8ab8ef9243b7f9629762aec14ae1f8e156c03df145b1ef375ac77ba3bc1714f4e5b9b48482390a3495a11deadc7eec079328f3d9f2af9974fb9d2fcb0df5ce3ea685e61689ad82f1252e54dc825d4f7e3b7b64439265ba13499229a4bed5bd2d9e7e3083d38900d2a7b0e206552ddc881ae4983dc496f15e6a4e009b83470d0ecbea305247de722132f348f4f892067ba94ed6d114504ee5d8055392b54e53d78fd1e6a2b476e4295e4abb920fb37e1903bb2069492d1e7b2ba5a0f5242823e5d9937a7fb2e5910776da4a45abd84af3d289c1d182ec392100feba64c162609d192296dc4aefc04456491694fdd942295f7db22545a58b701e579a5d82d6e0fbbf400ffc103f4629e41483fd453eb6a44971704f007bd372c07cf24d74abfbc891ee27fda5e5f177623fb722dc760a5753c222b7841e3348949083b84249232403091617aeeaada94ca43718d01545af40361f865c038b23682b665b89e28628cbd3a1ad016f7f1c49a6cc70e24e27823b79e05b8ee4349415a0efb656376e2292d953ebfa93fa29c6056aa83d02f6ae1ba63c36764ce28228675b86d8805ca8f6aec32176db54836901e6e48f559812bed5ad32603548b57b70cd05ea2a801996543ee7a8fc7261a2480b391220e1d793088a0207466237fd7854054b2322ddc07a32c80d7e9c8ecc80406a00cd7723a6d5627c7be01b36916a57d235b7a4927db8d00e3feb0afeacb62e1e414690ff005902d8a8dda424b7b0c2c084ae740aea17603a8c16cc455d6d84b22494e9427e8c7899f05a1eeedcfaef4078f235c95b44a288d256b7be8d2a1830ff00853be2c40a4a99994d176dea70aba172b2f21dc10714226d642d74ab5f85c807e8c5543d40279ab4f891c027c6951842094bd5c86c9b4f56fae29b6d8ef8da0a2208d9cec30aa356cdddd546c0f73d37c8db247b2c1649e9c327af707ab0fb2bf2c892d829bd324904c5507c4c197e7514a60641399e28ed74db796424cd331574fe5206c0febc14cae83ec5ff009c69d4a5b9f29cda75c02b2e9cca37dabea95756fa55a95c21a26f7551bfbf861a6055546d5c2871c554c8c556d302adc8a5b5c9215474c2abc62abb155e01c55b2298ab5d7156d46fb62abb155a7df156b155bf2c5569c5568c55df3c55ba6f8aae18ab78ab54c55b0a6b8aaa5053a62a918ca5bad753be2825d4a0c536edbc31437d7a6287018a5d4ae4ad5be83052b5d7a77c2aee8302b86f8aba98daba98dab4461b5705f1c168713d3025ddf156fae2aea1ae156bbd3b636ade1b5776c55d4c1686cedd3156b7a61424fe63595b45bb787fbd81a3b88cf60f0b8707e80301651d8be76fcd986c01d66e23e02d75d1677fa6d6a59a64e50cc9bf4a218dc8f7f9e034037c092589697088347b284514b4b27a9b54d09455fb85731ecb986baa53aedd3c7a74300ff8f89d287f6829a31fbb965a376b91098c56f0c3a52c9f69dc8a93e26b407ee190663926525ac6d3dba464890c3f1973cb77e483ee500e464ca3ba22d0168e10c3e1f5e5330a6e7d288f1fc4e525ca00a5372b15c092d8f4b966f4e8365667e82bedd7261aca4faa5e7d503dac47999147aa4f4013702bed9653007b903017768f93feee9c9946d5af5fbf11cd94a91b6b0cd7816490fc2ac78af6e2a7f564645110bee6e8481647aadbc6291c20eecd502bb620292c475ad51e133167e53b542d3fcadbf565b10d339531b8d5ee68a3fd911dce4cb5477655a5adae936ad7572a4b852b1a8342588da9b1f9e50772e683c212cb8d4e5bc9998d483b57c326d56494c6c104506e7806f8e476de83b6d95972a3b0415cead24b35631c129c136afc23a9f99c9462d32925d7574bcf8a1a83bb374a1cb29a0c9b92e8bdb95af53c8b78d05061e4c79abe9aa9e9977a915edb934c896e029190a079d9d978055afbf80c896402572fa70176735dfe788b299500935e4af7978cec76fe00507eacbc6c1c096e5cce07c4db281b0c569468257a9d89e99125b6314d6ce060bc587c24d01f7cac972630a5b756a5e67e1dc54fcf251935e480e887d11043a8acae3640d5fa471fe396db895492dc205761e04e4986ca28b53cb152152d01f579ff002127161b2126059c9c906250fdf6eb9369545fc31012d77f7c0a8c8a664002f5c5518247f4ab5ebb13f2c816c0ad6c80a97a6c06e49ea716488d38b09438d8a92464692138e7ebda3453825c4c1fdc76fc6b8db3e1b7d6dff38decf341ad3460c6ca966aaa48a1a9643c8507f2ae10d797a3e868e84547dde192695418a1b231558477c5569afcf02ad2bdf014b6b5c555172485e077c557018aaff7c55d8ab58aae18abab8ab5d7156b1568e295b4c50d53157106b8ab63155dd31577538a5d4ed8a1b18aafed8aa463296f6f1453b1577cf152df1db1437d31570ebec724add3efc6d5aeb8abb7c695c3ae255d91571a9f962ad7518a1dc70a5df3c0ad8c50d03db14b753db157628a7743b74c2ad6f852ec14ae240ebdfa6215c3a6145a55ae812687a8232f267b795500ebeac8a42d3e55ae2a007ccdf99b70b7971a5f9661712c3a4b7a71c9b736b99b8c9202457ecd78fcf2b9972f10b36c6924985a48f252b1ab003a6e3983f8b0caec375163bab3349ac69b6c4d537a8f0e46bf87119305818b2dbc68921b4b58a32a528ee4ef5aec0e40f7b60b46dac9cefa577f81ca715076a7055507efae564db7c7655e7f53b55bb2c1a00cee95e858bfa67efa6429b04926bbf46085662f408abe350e3e23f8e10376322c344d15f5d4d3c8c5512aed5a90541e941e27b65a6dae2531b3b579a1f564aa195810a76e29d771ef8094f345dd5e47688919a20e9e23a771888da0963fa96ac6cfe18d15dcd49635ad4ed414a65803094bb988dc09aee533cedf1b1de9bd3e5965b40168eb0b447916143c57f98d7efd8127e432b9172b1c094e3592b6a574e8555e78178ca55487407a86a93f11fc320366d36764b6da1404195c2f7761d147cbb9c04df26c02315b7fab42aa2d2040b695ab31de4623bb1fe18f096129849a7bc4505c1e11d68b4ea4e5d18b8b3982825b9fad4a0014881dcf723c4e4f934f347fef2e5805da143b0edb656654e443193ba6d6b1cd0a4745a973551e03a5720ddc3baf69655479242a230a6a69b9201e9801b646343762d3cac5c96278f5197b852dd4e36211f7fb47a9f6c34d616973210b5d8636cc0475adabcd20551f4e5522e4c216c9a3b3e3088dc51a9d7db31cc9ce18d0573188035451878e591ddc7c8292952b0abca450b1db3203813a486e187aa4773b9fa726d0e41fbb6a75229f4e296d236855abd49c2d75ba1a55d8b7b621050842f6af2ee32c682d8f0c42ae55aef89545411d5aa3a6064134b787d585929d1ab5f98c81660ab98e3810471b12e4548f0f9e29b6e347489a51d4d69f338190169c68104575a8d9c774cde819e333b2fda11f21c88f703225b221f677e42d9456f637f2c01aacecadcf60ff00bc1c0d695af171b618b4e5e6f6b56f88d50f6ad287f8e58d2aabb8ad08f63d714367155a7155a7155a702b6b855517155e3155c3ae2abb156e87be2ab7156eb8abbae2ab8f4c556d314ad38a1d4db156b156bbe2ae5c557fcf1576297115c50d818a57d36c5091d3296f762add3b9c55c37c5892df7c55c7c30856c0df0956cf7c421aef8a5a3be2ae15a602ad57db0ab74c8ababf761a435538692eef5c0add4e3486b88eb812de2aec55bc2ad6fd075c36ad7cf156c90453b60a55a0781dbdf0a298df99ee9edf456906e4473c81456af2aa7eed763e2570a799781f9aedfd1d774780d26956d124b877009696e4891a45341d492037b65132e6630587ba2ac53a4adc792f41b7db7435fc0e006ba364879a4970a0f98a098aef03a845edc4c4dbefe25864fa3064ba820926851c812831122b4dc1e5dbb6d90de998e6ae1a2592e5e33c9e3216171dc1a866dfc32bd9b90d3739f44b089885694b547751f58773f7819066906bfa8c97124b6d6a8d2cefc89e23e124ed41f7ef9301812ed27415f8adee23333c6a25948348f9f50a2942d4f13b6132509f49a75e106493800406ad7e014edbd3a6479a92906a29a6411b7af389a6a96063058823b0a76fa72cdd8921895ffa3393e9f251b92587f6e4835a16cd504dc5a1f563a75614e4c3a530fc5314e966d72059160b3fa8c6ca434d22fa4e15874e4c0350f7a75caf67281906397cf6d6ab4b69de4b89379580e0953e1b927e7840258994475dd2e32dc4a78c6c6b4ac8ec7c32ce4d1665c90aeb233f08f94ac4fdaa1a7cf0a28f458d68647e2f5247441befe380c99470f7a75a76873c8008e3d9f72c76dbc3299640e5e3d313ba6dfa312d418410f3a8ab28e8a0f8d32bbea5c931036085d4aebea912ad78b30d88d8903ad3db2c1bb8f92a03cd239ae6e6e17d692a2d86caa76dbdb2d000710ca5240485e6259978a7455c982d462561590fdbe9edd31b48894d749d1e7bd7d968be27c3299ce9cdc5809e6cb2c7474b6902f561d86f5f9e6399bb186201309c471f1470031f13b0fa72b0d92d9896b9751a5db2abf34a0e54f11bd3e8ccbc6ea75045b1bbcb96a5397b664875b23695f22ef527ae49ad1301ac8910df91036c55193a334869d06e3e4314140cd0910fa9d89e38a12d6d98e581a241a5a93b62c4226152dd2989640263671722d5d86db9c85b3a4c2dd0355216a71fb4dd305b2029122189ea11a9bf1e67a93814875d15b783d306ac1684f6049c5902c9bc97643d58ae67a0894f21cb7e54ec0644b645f657e4f44a8baada4c3d3bb8cc20aa93c03a232c94a1a1150a7251d9a72bd6a3ad28450f87be49a55947df850e231558462ab7155a462ad8eb8aaa28afcf14af1f86285c36fa7156c629762868fb62ae5c52b81c50e38ab58ab8f862ad1e98aada62ad53156c0c557d3be2adfeac55d4c55b18a57f6fe1850910ca1b9ba03d77c50ea6290e15c50d8c55db6155c00c50e6c425691b6f9256a806f815bdba6450d7e38a5d8abab8695a1894367a6056fa6296b1576ff4615757be057628753db14dba848c28ead53be36969a8aa49c2ac53cc104d7b0c7246e142079225150025b21676f87724914c598d9e21e6d315cfe625f451b16b7897d384aee3d28a1e4388ec2a7a65132e4e2e56c3cad6ee64940e5e91a83b6c19789fbce004b390491a12fe62b5b8e9ce285803b7c6aea9fc32d0d521499ced5d5d2ad576b8f4eadb934e541f8645b0ca82c92f91619431e21a6556e5b56a4d7fe2391229b014420fac8b6f4fa0350ac48014d7a1f99f0cae99892363b1b0b40eb7930466dcc517c4e48f01bb37dc065822c2522a0da8a7a6a6c34e6e6b51ea5c2d7e908431380801459482fa0d4e67124bc9790f8b99a501f051fc46065495dc59a2a0512f392b42bc580fe192b29e1054068b7327f7519a9dc3c8a513ef6c89932f0cb50d85ed94dce5d53ea31c63903102c6bfe4806b5fa7106d4c3bca55a8dcdbdc3b4864b9bb9f7fdedc3935f7dc93f8e1dd6e294fd52595b9451d5cede9a82c725c40206332e41116fe5dd52722b018d453e1634343ec37cace50e4474923cd37b6f2a5c1f865b831a1d99231dfe8eb959cce5c7460732c8ac7c950436ed3caa63b64eb5003927f989ad320664b6c7142295deddd9e9c7d381bd38f70d27ed9006f4037c3185b5e4ca39319bbd74b2b5a6948151cd5e771f1b127a93bd06640877b827313b452d1010feade387914d4f2dd7eeef92b6021d4abbb2cd20965f8c8fb31f6a9f61b64496d11be6ba2d364b96f5240684ec00dc8f6c8195370c5c4597f977f2eae3532b7179198adc105623b123df31b266ee7638b4606e59b1f255b69ea820701490a518295df61e07f1ca3c52e6f8114ba7d2e581d847247526828bb83f224d70828e00129d4b4b93d32f3c80b0df70029f6cb44bb9c69c3679b5f46924b2ba0e0a58f0af4a0ccd8974996009258d5cc84cac2b5199406ceaa4775056df6eb85aed1f67c61accdbb8145fa722592363bdb9785e0e4046f42c388de9d37a5703211050d30063e07a56a3e78a91496496ec43380388ea4903eecb038f353470828a3e2fe6c916b088b6a120789a602cc27314548c01b1fb4df21906e47695082a598d1789249e9be44a4522add2082da49a64264e43d224d3e23de98a12b958de5c88541e01a814756ed92624eef4bd1eda486c60b92814452a22ad361c687f1cae45be31d9f62f90a28e1d5a48e240892db890383505de245dc53a96b7635f7c9871a66c3d191b900694f11e1ed93695518ab8d715587f0c556e2ad11be2ae0315555c55776c55d8aae18ab862aea62aea62ab862aeeb8ab58ab8e2ab71571df15680c557018aaec55c36c55c457156c0ed8aaeec71548e994b6bb15b6fb62876296f15762ad815c215d4c922dd4fbb05a5aa6455adb14358a5d418ab67714c34ae0309453b8ef82d2d1a8c55aaf6c34abb01571c08a68fb6156fe58695d8d269dbe282a52466670ac4aa28a903a9afeae98a014beea38d752b7141e9fd8642689495244607c2b55c2cadf356a3049179bf52527e1b76ba89598ee5636641bffb1cc79f373f18a0c5249da4ba13050a42ba96f7e494c175c9798dd0b72a524b6bb6a890385a015a057e5419631a466b28d06b7664ed1bdcfa9271a0fb409ad7db9d31056418c6b37fc2ee4b18144c8b203edcd6b5a53dce44964392676b72b6b1c6f7d7e2d86c1a3693e20083b2a2866fd58849a08493ce1e56b69a45b78a5ba9db6337f73bf724bb48698784b113256a79ca4b8ff43d2a251230a08e100935f177fe14c14cc128bb1d2359d519a6d4659e04ff007dd6a48f6a6f90320da23de9d2685a7e9d1996e2716e50554ca515893e02a589c8136d914b269629db85bbcb3d7aff002fcea4e438806f18a452eb8d1a6b970b4100ea4952e5bf863e2f736fe54f528c8fc9f685164086471f68b31afdc2806567248b7c74f009b43e5a01164b74434007a89c8b8f6615a64788b6d01c975e697a9a2718a1aa01b948c23b7d04d0d3002191123c98a6a31ea41e9b59dc2b7c3712d55b891edb019744871a70931ed45a77a9bcd616561b10c4951f2ed9703e4e2cb18eb248e7b9b08ea8b3b5c330f89c0e083e42953931125a252803b1b432ca5d4ad9c0454ff78dd7fa613b73444197d21196ba55ccc4c931aa9ea7dfe794cb20e8e663d31eacc7cbde4ebcbe75105a160c7e17906df30bd4e634f280ecf1e90f33b07b4795bf2a6cf4f4175a8afaf76c2bf1f6fe198f2913cdbea31fa59ca6869028489428afc2a06d5e83a6536dd1dd26d574e49a275911390dcd06f55dc6e7e586db98adee9b0108c235555eb451cb7f738534c1fcdde8dac3f57b4406eee3f7711ebc4b7534f6cc8c7136e0e690e4f2ff0033cf6f046d6f1539d047181d7e1d89ccec4092e8f54444530c4b2690d3ef3999c4e9bc3b5516850f102a7c707127811096d51c7b1ea71b408a23d02a405e981b00a593a0e240c50424b71c8350f6cb438b30a0d216a2d0003c0612d28bd3939cebcb645f889f9613c99446e9ec956f50aef181c7e65b600656dc5196ee2241c0d7d35200f134eff4e045a95d4ce107397d5988fb23a261a4195a0217f42613336f5aff006615a7a1797e79a62d03b121409a877e9b8fd59449cb88d9f6cfe5d45249a55a6ad5422e6de1317a75e3e9c723d54d7b92ed96070e7ce9e849b134e8db8f98d8e58d2acb8aba98aad23155b4df15688ed8ab607dd8aaf518aaec52df5c50df4c55c3ae2aee9d71570c55bef8ab78ab5855a6c09a5b8a1c076c557018ab8e2ad8c55753156bb62ad818aafed8aa423b652dedd3145b8e28b6b155d8a9762adfcf0856f0a1afa76c0ad57df1a4b551df1577cb02ae22a31085b4ed92b56f7c052eef815d8ab54ef86d5dbe2ad914c0aea570856e9ef84a1aa0c55c4efed8d2b4681b993b5284e2842cb08676690901bd263edf130dbe55c290f9a7cf88d69a9eb52392933b9013715d8b2bef5ea7f5e634b9b9d8b93ce34abe8cb3c13b7440114ee4b0524e3c2c894cef813731ac080a998955efd9d69f464c9da96237b40f98a794db8b93b3c2dcf73bf175db6f9ae001912181dedeb25d7227d3402838fed376df24c58cdcdecd34eccee4ad7a5724d449253ff2de90ba9c77b3cea7d0b78aaa40eaecc00ca324f85cfd3e1e2e698e83a74bfa5e3b5d394fae08ab8241fbc74ca6793672e1a6b953d874cf246b976bcee2e24541d047c96bf36ad7f1cc339e4793b51a5c71e6156ebc9d15930170edcfdaa58fcea6b838a4524631c82fb1f2fdb4b2048e293fd73c42fcbc70eec0c826efe4c8b6658c946fda570ac3e8208392dd871c554f91d214a472ccaecb5081d4027c2803d7f0c9590d7625c925d53cb3ae585b99ac659ed8b6c525f464077db755523e9272427de1786f9148449e7989bd15456a6e250f1d7c773bd3e8c971c0744f8590f22c7f5cd3fcfbac6d71e814fb2ce1543fcabc01c7c580e8bf95c87f898e7fcab0d76e97933541a9602add37c97e67b8303a0b3bc91f63f93b77271320625b6dd69fc72b3a825c9868710e7bb2dd33f26f82b099dc7a606dd3eea7cf293964dc30423c99868ff96ba6dab195a22e47d9af53f7d4e56644f3728011e41e89a3681636127a51c428a3ed53db0061909213e9a28d1481b56941f754e332d70083965556a335295dfc282a320dc031cd5de16462c0a28ad1bc311b964640301d735bb0b153eaddf141d40a035f0ad36cbe3025a279a21e49e60f34c62e259a084cd78eac96dc6bc114f7df73f3ccd862ef7519355dcf369e3b8bab9696e1b9484ee73305074f2b91b28d8ada555055011d2a71b5dda96d452b238f655db1b531ef51e42314036c2d7c9110aaca0d0e291ba1ee22e1d3141492f54723b52bdc65a1c69a080a939271956299a10427ed7538d2834c8a370b62b715aee5b7f14141f89c837036168b8e163712f576a2afd26b88657410f68f12dbbc8f533d6809f7c93582ab0aa3346f4a9af2a1eded916419f792268e4d46381c1692e12440a072f8a44655ee3a56b9590e4465b3ef5fcbfb6107917cbe84fef1ec2ddde82801700f415f124fbe5bd1c397365401121f13f18fd4dfc30b05403a62ad915c55aa78e2ab69dbbe2ad1c55b15c557818ab78ab86d8ab7db1570c55dd714b875dfae285d4c55bed8aade871568ef8ab5f3c55ba60496f0a1c057156f618aae03156e9538ab80c9055d915483296eb5d4a62c6dc2b8abb7c52edf15753155dd461087614b5b62875705269a3815db1c55db81be495a18d2db75246450e1852dd3b62ae3e18a1a3852e3b6455b0062871d8e4d5db62b6ec52d101be13b83b53020a1ee8b24521535aa8e3e2086ad7de98adbc1bf386dfd1bfd6b80060912cfd34603906310a3034e8686bef954dcac27a3c134b509e6bb78e607d191f8b1ff0025e32b5fc7002de772c9bd4782e2da4e3c8c0d03b8edc958237d1b60d968a0bcd714a91ce4d4854545006c554000fdd879206ef30bff005e65b8b96078440051d854807082c88d921a84356f889ed9616a01e85e5b90dbf966662bf1cf20e27a6de14cd7e5ae2777a5b117ac7e53f96ed638e5d7754e315b8a169a4d80df6fbfdb31264934ec41100f4bbef38e9e124d374901194006665ec7b28df7a61e0a71259892c4e67547170eeccbb80c78a92c4d7e227e23921125819f7a5d24c6d9e496da67466249078d47b8326d4f965c0344a76ab69af5f5a877965f5509a82ce8c0a9eb552d5c9516af110b37e68dce9f2910c112f0dea2305b8f88dab4fbf27c36833914227e760376b1dd719436c81d43447b7d9c7c34c72d3771f9916324886dd15547da0cc5872eb4d812b9038e9cc867b465bf9934bd5433c917d5ae7e1467ad56a7ecfc43a83d2b949806f8e6219069f790c5c239a3081c91cf6a1a6d5af4f6ca880e483c4c860e1f5a648d38a25054ee4d69faf2b25ca881499b42a7d5da9b6c7afb93912a0eeeb75e0c83b75f6e9be06d4c62938b8707e8f962c4adb8bde4a69b80684f707204dac634935e3294926372b44df83508fd6327162654c075dbe96476f4af281aa7d25f8a87dea6832f8871a72797ebf0594adebde4afeb337c48088e2e3dfa1eb9930be8e06690eac2f52d52c6dd5edace348216d98d4bbb0f763db32e3125d54f3531db8d42de9548cd4ef5cb444b8d2cca1fa61a4023e3d3a1192e169f10a836a532541153e07b61a4788545af8baeeb461df0d31322d477d221d8d0f8e34bc453482ebebbfbbe23953efc699f114a35043563be483096e9583427261c4713b8c55369266fa94112fd95249f7ae41b872569a454b18a21d6bcdc7b81b0c429e4a76d57899cfd0309588d931b411c5019a61fbc2088d7df225312032af2533c776972b5f5149e34eb5ed4cae45ba1bf27e8d797a036ba269b071e212d614094a502a0a6581c596e9a8ddc1f053f8914fd59260a9b77c55c7156b1568f8e2ab698aae03155d4c55c3c7156ff00562aec55bc55df2c55a18aae18ab67ae29688c50d7eac55ddb156f6c55ddb1570c557530855d8a5def80ab606215d4df24a90e63b686c0ad3f5e2875298aba98abb7036c50ec3696c0c215bed850d1a9f977c0adeded815a22b815a036c52ba9b610ad530a1aa60b4b7b8f7c0875326976286f602b914b58abb1010ec925bc55d8ab862858e81d949e8bd47b1fe94c0bc9e1bf9d56e7eafa8dc290236581492772d0b0614ff8234f6c848d39386887cd6934b16ab6ed5ac893a804efdc907eec0dbc999c6ea933c8c43210acc3c7bd3ef5c8d33b5bab87b98179d591c0403f01be045bcbf59736b15c5b20051ff74cde2c08663f7e229b3a31a984613884a3120f227da84658c29e91a05b3dd693a5d846a39492163e39adca7d4efb4c2e21ec96905b5ce9f6fa64419e28987eed8111fa8bb1620ec69db31adba449e49b45e59d4623ea4702a06f8695a000770031dce4ecb4d0b4d6cbc8f7f72433ac70a9ff002aa4fb9dea7efc78a5d13e1c7aa22e3f2d390e4b72c3704c74052a3fd60d878885e181e8c47cd1f963a96a111faa5e18e44de8687a7815a11f7648662181d3c0bcb354f2cf9c74194c9750fd6e24dbd4149401ef4f8b2f8e70d27484726217567762432b420a1625f80dd0f5ad3a8cb84c349c335c8b7104c2e01258d2a29b9070136a224327d2af5447245711909202a64a503467720fb83b83e395172636767a1796ee5eeeda1b6ba2596204a48456aa68bbfddbe6348b9b885336d2af820b7995f983f0bef534269dfc0e53272eed90c576b2823b30dfdce576c844ae8c9af2aecbdfd8e0ab6cba5a6e5536af4eff004602ca929bad4c2c7254d1abbfdf900c8b179b59416f399241d4f11d6a32f88b71f24a980eafe65466922435037f876e9dea733210755972d3cf3cc1a840d3d646679187c31b36e09ee40fd599d1800e9b2e524b0dd41a2e6150f2603e3ee2be1990038723687591a842a066228091d3e5926ba2a50d94ecdd389f1ea72264190814c22d15a5ddeb5f7c819b78c2aafa1851402a7f1c78d3e12dfd02cc76fc308923c109ce95a15f417704c886350769a8481ee695c9095b030210de6db3b7112b8daeced280081cba93d3be4eda68d30271c5a9930e34837d7128011f1d4c08add2bb7df916c05137e368e82838fe38424956b50a96a2bbeccc7f5644b28aab558465c52aa4d3e78195336f214424beb7576288d776b1161bd165902934f606b912d91341fa3da7190d95b075e2eb1468e0ed46550a682a7b8c9b884ee8b55a7ccf53858aa0f7c55d8ab58ab4714b67a62ae00e286ff562ae04e2add715762add474c55c7ae2ae03156f14b7da98a1aa118ec976043862ad914c2ad62ab862ade2aba9924b606008a6c0df0abb05252002bdf286cb5d8a1d435f962b6d74e98a5c3156fe8c287614b670a1a3e18ad35812edcd7156c0fbf02b7be2ab6bdf12b4e143b7e38157000628680de872497614388c52e0283228777c2ad815c55dc698a5d850d8deb8adac6a8f853ed39a57c00d89c0a1e2bf9d1107d37537f4c084ac2d0014043c64467e82172a9b95883e5e8fe39e3aff7f0cf14dc7bb4655bf5571ad9b2cdb32658668cdb293eb44d2326df6a27556fbc118393253b89655d023b822b2db92148fe6048afe18a0ecf37d49127bc31b102233135ff0024d01a612ce2524d461f4ee562a6eb214dbc01a645b3868bdd3f2eb42fae6a165f564e4a9055390dbd420576f1e99aacb2dde830c2a2fa1742f24c11c467bdb26695fe3902bba066dab401850e57116b3956c0b296d22c223f0a7051f67a927e64e5e69a220a85cdddb584744d8af89d8656654da204b14d53ced676ad49a6534e943fa8640c9be3a6279248fe69bdbfa0b2d3ee6e55db80758d82924134e4d404ed84032341658843ea20249a81d7264321d225156a024a024f5a6cd87c292c3263fe7306d526b48a72352d39a396a772aac7df7535c878720dc2513c90505a796efdca42563958538d287e5c5b0f14e299628cb9a353ca00806df8cd1fb54357dc74fa460f14f551823d132d3f4ab8b10c88a5548a81e047715c7c4b65e0d320d3ade48871906fd3d8ef5072a949bc419759da37a4bb126b5af5c582add030c44b10a4fe34df0f2455962d77aa88a46e6c00af7f1f1c836ed4c37ccde62faa46640c383027af5397471971a5943ceaf7cd85e3711b7c46b4f6ccc8e375f972db12bdd46e1b92c6684f57ea732e203acc9ba433452c8c58b7c47ab1dcef978938671a11a0443b9a9ae4b898786a90c7beca48f615c899360c49844f14342e8c09ef4c81b2cc4691d6fa8d89a0e614fbed91a2cc4826713c52ee0820f4a60dd9ec5196d64b330ad4576ae48160407a0797b4db4909571c9828a16af6f0208cb0344de5ff009816c96da84e9181c1c934eb43db241c7987985ca7190e5e0b873535384b008c593e08500debb8c14cb8931ba4694c5183f15003f32322d8acb1f052b4afc21683e780a69715325d7a7d42edff0003b62967de56b275b769a26e32452432c440db92c81857eecaef76ee1d9fa316aa52311bfda02a6bfcc367fc465ae0a28614378ab8f6c55ac55d8ab78abab8abb638abb15762adf5dce2aec55ba62ad8c55b1d7156e98ab58d25d810edf0aba98aba98aae0310abb0d2b75c296fe582d5ac2aedf154880a663b6bb0a0b78a43a951faf1625ddfd8e04b7850d0070a5b270abbafcf021c40ee305ab476df14b637c55d8842d1be1296c0a0df2286c0c52e277c9043a84e1576e315a7536c895688deb842b60614b74c516ea62ad13415ad0e05526220b69266156542e41ee40d8629b0f29fce541fa3ecacdb79a6f4564f99f55dbf1195cdc9c1cdf284692c3af2c03a99029af4a72e3fa9b220ece60802597c70c36c90dc2d5822063e3b75afdd9126d40015e5922b6b0ba819cfa0cea4f6a094123ee2324d243cc6e6d99eeae19b648d8f2928695ebf8f6c122db8c6c96bdabcf770b05256461c4f5d81032b91a0e5638f110fb0bf28fcb090456b2b2d2558c3d7752b5db34dc5727a09478621ee65551147a65580a1209feb4cbc4a9c022d21d625f420666d80dc572b916ec637793ea579a9ebda80b186e7ea76287fd26f09a2a29ec3c49ed9402645d98e1c51b297ddf98bca9e5394dad8598d5f54563c6520cccc7b3034207bae6c31c603deeb7266cb937fa429eafa97e6beb9a44b79159dbe8fa7427d488dd131c8c02914e2d550284f5a6664207a3a8cb9600d1365816b5a67e6de9da11f305d6acad6490c974de9348c235881620b10abbff009351993e0d8703f3422760f26b5fcd0d76f2eab7b4b934a10fd48ca726001cac3ac24ec194e9ba941aa85768bd291cec29e1d77cc298a77d833f17364565ab6a1a5cbc0bb3c00d02935a0f639892a7671c6ce347d7e3bb2b0cd4e2fd09f1ca698f266f61a5c723a1e1d77072b31dd9f8b619ce9da117b7e4bd7bed5c9d38f29d148b5cd35a22f41f0d36276c05b01785f9daea5b377e0694ae5b8c596192541e35ad6bf7777585e42506c057b66d618dd1e4ce907d61c3501a9397d38466496dae4fd95ddcf4a61a63c64a63a67976fb5471ea9f4a33d8ec4e374c842f9a7f27967cbda346b2dedcab48c374079360b253c518a027d77caf640c5046ced41b9a0dc8eb87c32c25aa8a01f5cd2ee1aa8389dc014c970161f9805033c36d754f44055aef4fe271a210640ad58aeac086818bc7dfc30f36bbae49fe9bab3b0e4c375fb59590da256ca74ef30180fc2db53e5b9db240a0b14f364eb7fca403e21b93df260b4c83cd6f96921a65d170b2218658e3aac269203e1b8c1d121395f888623745153f2195b6845580251e67a8552057f1c090ad6f117762bbc8c788f99389641ee3e52d027f52cf4b55a7e916b7023eee236621be5cf6ca7ab932ae17dc72516e5f8fd9f5081f26017fe2417321d7af1858bb155c37f962aea536c55aa1c55d4c55d8ab87862aea9c55bafb62aee98abb155d8a69a15eb8a170dce2abbb62ab4f5c0ade1575062ade2ad5062ad81e385570c296f1b56c918a1ac8abb1b548c8ca9b5c2bdf152d91b6214343ae152d9c0aec695c287c698ab670a1c69db1a56bae0215d815bea30ab5b77c2ad5476c0ae06bf2c3495c05722aec9ab63155a7aefd71436057a605771c6d575062ad614bb142da135276a5698154ae0168a38d7a3c91293edcd4f4fa31501e3bf9db2817ba24511fdebadccd20e84f1744524fd0e32bc8e5e9fabe77bcb154d7a7b963c407678a9b83c68f4ff85398e4bb3c205eecbedb4f8feab2335585658998834a736a03db652706ece405245e9996d26495b97c662229d0ad197e7515cb370e1136c4f525124f1da15112d4b4c3a7325b8ab7d20603bb6c153c976326b5aae93a388d58adf48f5efe9909507dbe0398da89545d8e8622527dc7e58d3fea815780544090d7c471047dc5699a883b7cacc6543c770585294dbfb3322e9c0e1b61fe61b3b9bdadbc70b30ec09a0dbfd524e63ce56e6628d6e4b0bd57c91af5ddb3406686dad18516ce0470093e258b62090e45c0f9b7e58f28d97962e05c3e928ace02cae8ed33d07521e4248af71b0ccdc52ae6e26a60324784166be611fa5fcb77d0f9763b76d5a384b409711ab333c62a15a37d8934cdbc32021e5b2e96703ea7c3ff00995ac7e63ebd2341aaea37734480c52e9ffdcc48176e3e9461569f46446a40352672ecfb8dc79b13f29f95ddee4dc6a4be94205029ea6b94e7d4716d17274ba230f54deeda1795ac60d1c473228e759003d56bef98fbd6eeca3e93b2572d89b7b81005fac46e689404b0f6dbae61ce25de69e648a299d9e8f2acc86207803420f55398dc66dca9c410f71f2d69b7090c314e28fc475f6cc901d44e4f51d0ed578fa6cb4a0c311bd38b965b5b19f38daa468f4ebb92683239234e460912f95bf344f06978f4df27846ed99fe97805e39699bc6b9b98f279ac877505123482341563df24d49b5a436da7b2cb7044939e8bd72b2496f80019c68ba36b1e610ab1136969fb5201f111ed880c6793b926b8d42dbc8f7fab5b5ee889abea4aebf52b9bd762b1474a9a474e2d534dfaf86644683afc824770f2dd4aee5d57519ef64458e4b990c8638c5114b1e8a3b6647470a8da67a7e9b21990303b8ab651c76e58c64261736a6dd41463fea8c6d9f0c95ad3576b68cc3228653fcc37c8909b2169d455a477847a61faa8c890cc49170ea478f1e556ee722d8ba698cf0b83b92308e6c08619a821f509ed97c5c2c8104a2bb658d14a910acaa3b5702404ee35664d87534fe1906ce1471511c096a3edb9ab53c7a0c0c8d27de57d2a4bed52084a1606551b78039025b2117d55f96fe5a373e74f4ee0f13a2c9142101249a1e4c0127ec8a1a8c118eecb248014fa2deb2721d19bbfbf51f8e5ce0dae43cd43f4e42bf2f6c285d4ae2ade2ade2ad62aeeb8aba871577cb15750e2aec55af975c55b07c7155d8ab7d7156c75c55b3d3155b4c55b18ab7faf1577b62ae1b75c55bc55753be10971ad70ab8f5df02bb7c287604a475ad3296c6ffcf7c421d8692dd0f5aed9143a9855d4afd18ab55ae1a56fdf0a5d815aeb8a1db0ed538ab75ef8295ac29753021b14c4ab7f2c55db1c55c69e3855df3c2ae1b6296ea7156fb6283cdaed8a5ac50e1e1e3812a73fd8a8db891423af5ed850f03fceabaf4f5d811e8ab6d64812a6bbbc859ebf78ca72db99a7d8bcd757b748ed60d4e25e410f2917f98537fbd6b9400e709514ff00cbc65f425b2f5196daea09256414a99561e71d4b7816a1c892e481c4183dc5db595ddf5a71f53988e7889e846f534f7ae5b124870e70a930dd4da46d558283d57d16276e3f153f1c242627a3d37fe71e7458f50f38472bad5ad6da79a4f6676a0fbb966b3587a3bcd00a892fb0f498562b701ba1d8f8ed9841cbc9653632474f88ec7b1c36e3f09695a21d17f0fecc9821ae40ad68e27a9e22bef8762502c0425d5840e8507c0a542820015aee7b7dd97c4a788b14d5b46895dbea8cb11d8ab2d55948dda9e3b6dbe4f89be32be6c07ccba65a3967bed322be213e2675f899c91b961bed90964ef6d860e2e469844ba6e896ee24b3d0ad91d6a43347c98107b7224655e2770728697bca8dc5e4ce38a40b12b745006d959c85c98e96014f4bd3395d199677b72c08764daa0e4788d374c088a019df95f48b28e6317fbd25cf2776a96dfa74f0ca3725c4cd235dcf59d2f4f29e98207c24052052a332f182eab2164f64e20577a6f4a7d196c430943880615e6cb8529271d8f7cae74ec70e134f957f35599848cbd09cb307346a62445e0b2a33dc103ad7ae6e23c9e567768dd32ca47ba09508cc08563d321234b10ca6cbc8da8dccc1d1e32d4ad4303b75ee728332ec21014f5af2b69babd8c55748a45856ad19ee3a7ecef80642ca5a6c65779c3cb1e5ff003718e49a34b3d4625e2678df906500ecc1a9e19239adac68b85e6f3fe5558da5c33fe9087e063d232c7e1ebb72df1393cd8fe540538747d074f2fc9dee673d4d022d3c00de9928cd97e5faa57a94093ad2d6058946e477fbce484984f18018cdd58c611dcecdb0e3ef9682ebe714b4db04efbe4f89a3855e18893ef902d914c6de22c4af4a83882cc862da94443b0a6e09cbe25c2c812a0389a77cb6dc6a578c2fa8be381042771ed6c389f8caec7c0f2c816c055e3a7d6031dc28a03efb6f8193daff00287409e612eb489c8c03840ac010d71291c1687a935cacc4db7710aa7d5ff977a14765a6cdaaf1a5d5f4e65f54966248e11f23cbf9802dfecb2c88ef71b24af6672a6bb11c5bc0ff005c9b51555503a78d7efdce285d8aba98abb156b6c55d8ab78ab55c55d8abb15762aea6fbe295f414c50ee98ab78ab7ed8ab4462aec55bc55ba5702ba9855d8d2afc92adef8025d4c4ab8e043bb6492920ad7282da57015c0c5aa649906fb6062d7cf0a5c49c0a176255aa54615753efc50d5314b7f2c08750e1b5753eec52ea7be36ae0714362a3ae29762ae1ef8abbe5855c71437d37c52ec50e1be05ddd8a8777c2aa7715f4c81f689a0f99a81f8e0501f297e776b2b279c2f63ab7a4415a52940add3f0194cdcdc3b0dd2ed147e94d163b53f1cc236888076e71eff0088ca88a72c047e98d6f15b441a22b7904817d6e46a5154c74a76a1ef824df88f460fe67adb6b9a7cff00b323496722f8a4b564fb8b7e18c249cf0dac31850d3cd3fa8dfbdb794d14ff0029f8bf5e592e4e2439d3de3fe7182c90ea3af5f1dd7d3458eb4e8f213f853353a9faa9e8b4a4706cfa8215511d07b1e9f4e62d390b0cd47a765fb429d49c833e1d9a5b9e44a8e8a69d373844989c6885b882804aca07bf8e5b12e34a04284d2c0c0ac3723e9df244f9ac627a8496f45c6fc5d1c7720d7f5e40c88722310c6750825901e5435ad6b91e22e4c62186ea960e80f1502be18389cc8d317b8b3bd924f4e0b67773d2836c6adb6e206e537d27c97aadd32bdc318558ee07524751f3c988344f511e8f59f2c795e0d310523a31fb44eed5f7c900ebb2e4326691db88949a00586c32e1b383f5143cf318d1b891d29b75fe182e9d86385b00f345c3346e5cd7b01e2731a46ddbe2800f9abf32cfaaae84d0f8664613bb8dab8d45e302002e684753d736e0ecf2138eec9ec74b8e70b4d9c50d72a949b21065fa3dbdd40450d48da9df31e46dcc8c5925b5cdc28ebc586dbef949243970a4d63ba85e20972953dda991b6449e8975d8d2d39c81013d298416049627ab3e9c9199218806e800fbf2f8968912c3752bd9a591bd042aa4500199112e14ed267b0b9989797e11d4d72de270a515192d150d2b5c3c4d7c0d243d705a44533d2a1592e5430a8a56984153b31ed7ac8c7752d05054d32e897126c5e48f8c8477ef97070c8ddca0faa8a450d47dd8a909dd8d6589169503954fcb7c812d914dacedb92cb2700c548143e27224b6443eadfc9df2fcade4fd39bd2264d4ef9e52546eb1da90a1813d2bc0d08df6c203096cfa42c2cfea761159a001628d5569d3619371c94677f9e162bab8a5b18a1b38a5a38a1a38ab6bb0c55c7156b156f156a98aaea62aea6f5c5570d862aea57156c62ade2ad1f0c55adb155dd31a56c7be2ae38abb0857629757c71a56fbe04347a57be10ad76c29494652db4b80c4a96ce0406bc3156eb8a1def815c708571141852d8fc31571c8a1a38abaa7c30ababbed8695ac55c057e8c52ba8305a1d4a63696f142d3f8e14b7b530ab58abb14363a62b6df5c1496875c582d7da87ba9e5f711fd70a6df0f7e745d4abf991ae5b7a85d22b91e9ad49142ab51f70caa5cdcbc7c9bf256a46dee5e30dfbbb83fb9e47a4d10af5ff00285064276e542d935ecef06a16b7119548ee4b2382a38894508277dc6f9590df0910581fe60492430c33529c660c1c0f84326ff0fd246570e6e4e73e8625a85c81a8131b51643cc1ad4156a11bfb6649e4eb6f77d31ff38a9e9c961ac9ad64e512b2f603948466ab531a2ef74733c2fa5072a7151f4d730cbb00b7d3f1fd78385b2d45a055626bf71ef9598b312b58b1c428590723d41df2510895958e90127f7087c7a6df764ad8807bd03243039204049efb9feb88a6cdc20df4d8e42792151d80a77f9d71e1b4f110a6343b7605648c9a762493f80c900a6657dbf9760e6ccb1f05e238d36dc1df261a65229c5ae8b6d1b86450bc6b41d7893d725c2d7e2504ea3b558d3dcec597a03ed93e1a71ccacba47a2d4fd180b6c23ba5f28731311debd003b7d3913c9cc156f38f36ca3836ff2af8e6248d3b6c2367ce1f98776b2c8c3ab0a8f966560e6e3ea768bc9ff00ddc5bdf6cdb079398dd95687728a00622b95499419b5832ca8acbb53c33164ec200320b4895a36523c091959916c306e582e000f1004915a0ff338f123812aba1a806e2d0027dc7f4c3c4a71b1bd492f806ff44504edb64c49aa58cb1c9ecb589c9f4e00a0f720e5f19871a58945fcbba8f0f52e24207828c9f881a0e2297dce9460a72249c909b59c74a022541be4ada88a4cf418d5aeb71b1dab960699213ccfa71172241d24f0e996c5c79879f4f6ecf7ad12eec5b8803c72d70a5cd1fa9e9c74cbd58252ad32a0327121802cbb0a8f0c2a42ae971d208c0fb46a49f99c1491b32eb5b2482cd5e45f89a52e48ebb5283e9ca8b9511b5beecfcb5f2ffe89d0f4bb4ad1ac74e8a324afc3eacc0b4ac371b9767a7cb2d8b8133bb3ea377a7d00ff005c9b5b78a170c52bb143b1568f862ad6ff00462ae1ed8ab7d71577538abb157018ab7dbdf156f156c62976285c3638ab67156b155b8ab786d2bb6c0aeeff00c70d2bb021afa3157743b6156fdf1b4ba98ab5da98daa4c01afb1ca9b495d4c168b6e82b8ab441ae2875062aea6165b2ea5322c6ddb9f96495af6ed8ab8e452d62aedbbe1577cb1434454e296fd860437f2c952b46bd71b4bb7c50dd31b5753a1c2968f7c55b0283143bae2ade2ad77db15b6a9f1d48a814fb8549fd430292f86bf35ad278bf30fcc17b702a9eace2107ab7c261523e5903cdca87d2c13cbde637835758e50a21665f4fa8559147107af7048c246cca12a2f58958eada74a88c04c8dcd40dcaba0247caa3315cfe7bb1ebe7b1f35f9635985d0a799f4fe3790abb0a4b6f1a22ca8ab406abc5dce1adedb4481890f2b4b8f55adf90dd283e543b8f9532f3c9d78e6fa77fe7136ec7d6bcc3620ee5239801d0d246534f972cd5ea79bbbd1fd36faaa32dc80e35ad07bef982ecfa2a383c482683b0ad4fe18a2250afc99881d3b6408720500b7d06ea3af5dffdbc3c2bc4e656e26bb0f1c34843c88c1491d3eeebdba61a64a4c94fde31ebbd3bd07b634cbc970f4feda8dc8fb40ec49efed843020a2164551d8102bedb781cb43498ab452194d5074d9bc295ebe3841ee6328d238c81d78d283fa64c9b6b8c28da1ae58ec3aad00dbad7225bf185108784c1cfda078d3a52991a6723b8a795f9dcd15f88d878f86604ceeef30727cc3e799c9b89477a9df33f0070f58683cf7912fef9b379691dd32b2b8319143d32243289675a1deb140a3c331e41cc8339d3e4e4801fb5d331e41cc09aa202294046544370a5c21e55a8af8572349a0a1359c6012ca18f8532418d02809adadd416e006de19205ae50483534411ec00037232d0d13880c175820bb366441c0c8120356cc870e4138f2f98e3b9569179aab0257715a7c8d72c8b4648d84eb5fd35ae6da3989624104336fb75f9e596d24507925bc61f5069283e1949fb8e5ce08dcabeaf099ee9a606bc855c9f138016728a61a369c38c61cfda2abb78138095019fe87a78d6b5bd2b48b34de7ba8438ec0171d72003394a83efbb0b65b64744af0aa85af5e2abb7ebae5eebc945d3eec2c5a38aae18aae07e9c55ac556938aadad3156c62ad8c55b18ab74ae2ade2ae18abbbfeac55b18aaec55c06056f1568f4c2ad74c55b5c34aba9855a39156ab5c55c062976286c74c0ae3855ac34a9383953715dd76c08e4ea61b4dbba7be286e98021df2c297138021aad3a614bb021a34fa714bb02b7b537c34868fb614b55c695772f6c690ea77c0aeef852eae2ae070abb02bbbe1575298ab751db1438838ab5edf8e2b4ba9504569b75f0f7c5141f197fce42ffb8cf38c8fe99315e4093063b1dd9b974f170c47b644b7c0bc0ed9871964ad258c8913dcf200fe071640b3bf2a79a2ea19edefca2916a7d0b985be259901240606a09a1fc32a9c439b8664f366fe74f27dce917275dd3558d85c5bfd6ada58c5452514284fed0df838ae63c67bd3b19e2263603c527e42769800a7996640283e2f0cca7564d97d09ff0038a1a888fce777624ffbd5a6ce69fe545246e2bf457303531eaed3492a0fb1624a82c0807c7fae6b43b8b5d2055d89eb894c4a9f21d1460b674b95a9b10287c77f7c93121cd565da94eddb0af2285946d4e3407603df1a6c0504418e8adf300fbf6db23c9b79ade4546c6b434a014207bf7c6d69108af22f15625abb806bf7f4c21a8ec51f142b12d2b463b923a9fbfc72774d2492882e68388db0db1a43ccdd481d3ae24b74429bb2f06ad490294069d7df236cc0dde51e7aa7a4ea3705580efd363985906eeeb0727cbbe741c6e581df7399fa77035cc0dabcf366f2f2e68a814f5180b38865fa0bb556a687a7d1944cb9b8c3d0b4d9c295af522998a5cd03664114a8cdf2191640144a32852fd69f4ed8a50ed2862496341e3e1912cd2bbc72e6806dd6b8420ecc4f59b8e24a8dc8ebe1974438b3b617a9c8c77fa299911703284a003c8e64870894e7448c3c942286b4e5f3c93448b36f32402cfca971767770bc475d8d36c9c5c79bc374f5019cb0de87b7be5a4b8b08ee99cba749fa3c5db02beb4ab1c60ed503fb4e4436c8277a7da0863b5a6e4b173ee529fc7204da06dc9ec3f915e5892f3cd635992067b5b5f4bd1715da459a324ede0a5befcb201af2c880fb100a13435a9ad7be5ae0ae3850d7cf156c57156c1ef8ab44ed8aad27b62ab09c5572e2abf6c5570c55d4c55b23156b7c55d4c55781f762add31570c6d5bed8aadc4ab5df155e30dab6305aad6c095b8ab6061438e2ae1f8e215bc4ab78d2a4df2ca9b1bed8d269b186969bf7ed9143a98aba86b86d2d7b9c690ec55ac2970029be056ab4dbc71570c55bc08688f7c925aa7df8daaee98a1d43852ea0c0add0038a1d8856b0ab78a9d9db1e98a5bc50d77c55a239115fb237a789c0c5f3d7fce4f795a1bad0ad75d8a326e2090dbccea36a1ac8849f7e6e3e8c05be043e36a393c4fc2d535070b2e49c697f5988af053c1e48e52e2b41c2a37fbf224ecda01e61f597e46ea90f9abcada9795b566574b3f8232c03322ce4f190577a02bc1be8cd7668d1b0f45a59dc43c57f38bf2da4f2a5ec97b6d0b45693cce0ad794637db89ebf3c3873dec5af57a503d7146ff00ce3cccfa7f9eb42d41480925d3e9f392d4245c42e168be15eb87502da74dcadf75c5451e1e2335b4ede26c2cbaaf02c01a0f0c8c9ba0697228e03f1df080a4eea9c4102801a7e392a616a4e7a8dc780c924215de8a7f9bf641e9f4ed8096610de9191ff780f32790a1afd9f71916c26b92f1096a2d01614a37c47a1ee06ff7e3cd0248a82208ff0011ab9341d548c203094ad1653b9a16a5078d30355b4df0af6ae0648795cd2add0f5c16db108395e5653c54b0e840fc77c43900079a79da255476dfe21e35de95cc4c91dddae1229f32f9d62f52777f0a8ccfd3175faf8b0075e2df4e6d43cacd1966632c39ec32242c4b28b165564e140331a41d862932ed36e8f4e5423318b9d14f52f07106300bed527a530370dd166e8802a4d1b6a8c569a6928bc57af8e456d2cbe9c4711663f15361920c4eec5f5362e0b6d5396c5c7c8c56fc2863dce64c5c0c9ba58911660465c1c19b2bd134eacb130dc371d8576ae5a3938a593fe6a71b4f2059b0a2b5dcfc59457b006b53d72c01c594b77946836f62ee92ce76ea23a56b4ebd709678d9279a0c3716ba6b5aaac56c9cfd2847da014fda27bd4f7c0165e6a1a24325cb1603e28a229120eececa3f560e6c1f57fe526812e95e5eb24e1e95e35cb3dc8e255997d376153ecb0e5b170f2f37b21e5c89207df5fe19634378a16e2add76c55d5c55c7a7be2ab6a298aaddb155c3155e315540315753157536c55d4c55d8aaea6d842b78d25d8d21d438da6da2305a1aef8aae14c55dbe1568e056b025bc2871ae2ae0314aea6d8a1d4db1549bdb2b6ed970c16825aa531b5b6c9c42b86250d0db0a5c69810edb1b57529f2c536d605688df0abb6c55bd8e15e4e0302bbf5e2a1ba57ae2add074c6d0ea0c2975076c087500c55db74c52e22bd061435852e15c55d8aba84e28493cdba043e64f2dea3a3cabcbeb113151b13cd472522a0ef5e980b389a2fcf5d7f419f4dd76f6c644ac8923a32fb826b4c802e59169a6936ffee0275470f3dab0668a9f118dc81d7fc93808add946d91f90fce375f97be73b6d5581974ab80d6b7918dd5ade460491eea406194640241cdd2e5f0a5bf27d43e71d234cfcc7f275fdb593c53c77b6a6e6c6e050d2e1232c9b9ad09150d4f0cc0fa5e9f690b7cc5e448df44d522b6bb554bbd3efa0ba818ecfca271cc03dea074cc894b8a2e946230998bee98ae1250b329fddb80ebf26df300b9f8b9227972dc74e990a6f5e1401ef9201892eaf23bf61f2fa7254c6e909248e0b5402a37a824efe1d3164d025aaccbdb607704fbe06774e631c4a59ba9eadd8645164a01f5158e8dd0f4eb5dabdb7a61e2019f864a12e7cc0b012e1a857ed0a8e94f6cae536d861b57b0d4a4bba487ecb6fefbe08d9672c602629721fe1fbf274d460a72c9ea1d89a0d87cfc7101b631a541132a316a06eb5ad4d7b6d96f0d3519025e63e768fe16e228a5457e7bf6f6cc3c9136edf4e767cefe70b74e6fc17b9cbf034eae361e6b7901058814db36d12f279a34507109f7a5726e304cacb5092da4026351db2a945c8864a667a6ea292286423312517658f2584fe1bbaf10765ee72a21ca13471bd2e028351df010d80aafd7005dfb6db74db030252cbd984aa791e94e9924712437b3f2a11f0a8143df2d8b8d39318bf90349f0ec3f8e64c5c19c9769b199dd610376602be197c5c19bd1f41b09498cb28f4e1725c9dbe28c5477e9d72d01c6240dd6fe7b4660f2de896e0156691cfa74200a007a6fd3a658e3dddbc97cb96cd72dc625679976e237eb90937e2e4cbf5ed3a0d3a38209896bd2bea4ea7a469fb09f3a7c47e8c8f253bbd2ff29bca7eade3c5770248b27079e52792470c604cc6bdbc0fdd9288b71b21a0fa37cb76be9456b7051824ab732c7bfc5e9dc38e15036a8567fbf2e01c1932be40d4ff00664dadbc55a38abbb62ade2ab4f5c55ac556e2ab80c55505715541d315750e34add3bf6c55c4605701db0a5753143a9dfb61577be2ad9e982d569f0c2ad74c0ae18aaef6c55adb155b8aae071571c52e51850ba9db0ab74db154937ca69ba83782914dd7db0d2b8d3ae0576f4e98a1ba531b568e296bf5e2870e9faf12ad7138dababe38a6addd7e58579374a7cb02dbba6d815d5230d21bdf14b8835db0ab441fa31576157605753b74c55bc50e070a5de38ab54c50ec52b81a10c3a8c50f947fe7233c96ba76bf1f98ace111db5ea217751f089e3aa357dd8283959d8b958cd87822ea0da709d226a4f2285247d928486ee3a82298b60348d595ae6c627520491b10c8dd1e3600edee37a645982699cf907f33f55f245b3e92ebf5ad26e0f24b766a104d41e2dfb269f4651931713b1d36b8e3d8f245798bcdfe5ad76fe4d434eb092dae6e089258e5e2a03060a69c7c2a329184c4393935b0c85f5ef97eeccfa369f34a07392088d07ba0cc297372f094f637e0b41bfcf216e4af79a8b5515a9e98585a848fcbf6b8f8d475c6d9050695518972c4751bd40f953f8e29e6a6d7e2955e9d2a363f4e02598c6529bfd5d234e24815dc027734f91c87136c71310d5b5d60a788506a6a7bfde72b25cb8412cb29a5bb9834cc4c63b9f0ca846ceece73e11b3d03459a2990fa428ab44a0f6ccb8b8c2faa76aa2814ecc761922a4a22de20ce07714a353df2518b4ce7b2bcf008a27741bb50ef4dce5e62e309d9797f9ba26904aabbf2353dc500feb985906eef301d9e17e65b025656a56a4ee7258d9e7161e597f1716753d8919b281d9e6b3c68a1ec113932b536deb932e24421b57451491762be1b6189639635c97e8da8ba352b51db23388638e64331b3be72a4b91ed98a62eca1913386ebb939598b91c6a8d7a69c07d9ef5c8d26d2cb8bd767e21a82bb9cb2316a9c82597b748a85577272d01c594ad239d8bb02bbe64443873927fe59b76132bf1d830624f4f8413970712443d8340b50129c8132b2a73001552efc49a9db2c0e24c962df9ec1ef93498a10abc249684528536e2453e9ae125ae1162fe53163a0584f79e98bad427a2c108dc1607ab53b57b77caedca338d5054b6d3a7d5ef2537479492b70776ad15ceec4fb28190bb282367d1fe43d1174ed356da9c6e7531e8a1520f3899bed313d3e0e5d3be64c46ceb724acbd7a085115563a1112a22ff1fb8532c71ed1230a1bc55a38ab58ab631568f5c55ac55af7ed8aae51f462aa8a31554518855d4fbb24971c14ad6d8295bc55bc50d1c55dd7b6297531438e12ad1fc302b4061b56fa6056f156bb6296a9be285d8ab74f0c92ae1e27ae0296b0aa4bed94d365378adb8d702bb0a6dd5c0c5c2bf4629b68f8615b7015df15b7548c55ddb021d4c0aec55db77e9852edb156c0f1c086c53be2aea9ae4a969d816dd4fbf1b5688a6d855afd7852e1b6f8ab7df143a98ab47db14b7fab156fa0c5812c57f303c9f69e73f2f5d69173f0b488ed03d0165b81c5e323a7742bfecb053384b85f06f9cbc9fab7956f5ed75788c6fc8ac4c76e42a41a57c29be45cb212bb5ba8fea82266a491007deaa69fab05278ab64d2eec5a6890a6eadc648dd4d41aefb604d82d456f3d39f23eac2dcd89f03f09fd780b21cdf71fe5ddc99fc8de5fba2dcbd4b48496df63c6847c553d4669e7cde8709019733bfa6386e4f515ed4ca4b9a24d8915230b5dc6f43882b2dd0f2c85a8d4002ef5c36a0d25f2ddbabfc6c6952156b514c8d96dd9057978888589a7b74c059c4b18d4b51129a06a9f1f0fc06565c91618ec91cb7737a6af5526bb0ed912da0d0651a4699f0ad47b54ec3241c594f765da75a9b025cd007a569e3938eca277b27692445430346f0cb6dacc8a220922f8c54569b29fbb2d8b4cc92a97770ab1f1635523723b0fa7e79613b34c6365e69e6495093e04b29277ff003e99892dddce23b3c7fcd86348240be3f157db0c0536c8dbc4b512d24edc7715236cd8c06ce835521683115c42c18a915cb69d789295fc727d59e47042804d4e202272d920d3ee9a393ad065c46ce1427bb2db2be3415398928d173f1cd3982f49000dbe790a72864449b93d6b5391e16ce341cf2b1248eb880d7295a5f312c4b9fbb2d01c59152b781e590246bc989fd59680e3c999f962d196598bd5208e32ec69d4d08e23c49196805c7953d674af561b28689c6647abc269c87a74de9dfa6c32cd838e4bcfbf36a612c1633705e2d348aa40208e0ab5dd8934e9b74c890a18ef93d99afa382d2dc5d5d142b6eae0955964140e02f529d40e995b2a003dbbcbfe409d27b58ee2dfea691a7fa4b31a49575a3b12c37661c9ba6d5cb63071e79367b4e97a359ab35d3c54b4a15b604578ad0524a30ea69f0f8572f70cc93ab72c91d672bcdc9632000024f40694a6d4c2d6895a7d3ed8ab67eec55ae98ab5df156c74c55c7155b8ab5b62ab8571555518aaaa8fbf1b56cd72412edf12ad506450e3d76c6d2de2871c55d8abb254ad1c14ad1c0ad03f462aba95dce36ad1c369760437d3156c6215c324abb15776c529254f6ca5b69bdf6c5486fb6450d0df24add305adb55a6de18d21d41d7156b6ae29a5ddb021ded8a5aa53e5855db9ebdf152ea76c0ad537c3696c1ed8b16c0af5c55c4530a5aae34aec55c77c2aedba577c0ad0c2ad93edb6286e98a2da23fb314db63b6062dfcb14869872041d8f63ef8a6d817e63fe57e8ff009816d12deaaa5d4550b2aa80c39105981a8dfe1a6245b28cc87c71f995e40b8f216bbf52998182e10cf06c4318b9b20ad7b9e38003d5c8b07924167aa87816d55485435466df6f0c14c8496add84b91cdbf76e68ddb63d71ab63c5bbed0fc9cb9177f973a28342f6cb345c9885d95c8d89ad4529be69728a93d1e19587a00708a0b7d8ec49e5bd3282e6c54e5b84a95afc429be43899ee80b8ba6556a9d87c54c36c40492e6f8821c3523eadceb5a624b60296c974f7756823631034ad0804fcce544db70db9a9c3a34d7d21001e20fc44502e4772da6749d5b6811db5050066d89ef93116b39139b2b18d389a6ddb6cb041a6534c5da008508f99a78659481693ea12dd5947eb5a4beb0afd87a50fb0205461a5e3054adb5e5b8a2b031ca3ed2b64a94c88f72bdd6a2e222790f607226db31c812f3fd7355a16048aefb6429cc32ee791f9bb5433130c46aedb1cbe1024b54f280123d3344b0b346bcd4d95c6cea0eca36aef9b284000f399f2191d98cf98fcefa35a1f46c625b990775d93efcb781c33969846ade68b9d5a2f48a08a2eeab921101aa59494a61928c287df0d35c4eec8b4ebc04043d7c7289c5cd84d3b8a7200a37e395537f1a223bd00efb1f9e349f155da50e808c8d278ad0c5c568dd3240309144a3c70aab03c5ea3e8cb03448b32d06e91e6b60a0981da3242edcbe200ef97071887a7698d1c9662662297024461cc5486a2a9a11526a7c6b8406a93cd7f36a1324ba3584aebcd84b3d1360235e209620d2829bec3232b5890cebfe71e34886e6eb50d4680d8c29044b337da612b73229b1dc2e38e25af36489d9f4643a5ab4290b81f5b9db94b3d012bb578ef5a710294cc8706d35e01d446a28940593b1077001edef8a150f23b3a7252287704fd35a6285d182140a92074af5030ab67df14ad38a1c3157038ab6698aad38ab5538aaf5f1c5555062aa83db155d924871c055ac0868e2ad8f7c55d855df4e1576455aa6d8ab4462ae1b6f8692bb1a4347db052b58ab63df156f0ab63c30ab63a629776c552427b53296da6c6296ce062ea6062d614b74c55db6056aa3a614b6312871143812d57b0c9521ba6455d8ab55ed8692e236ae286c13f461a57124fcb14bb6c0868f8614b7b11810d7cf0a5aed855ba62ab857df1435817670ae15d9d818b78534d940c287a628793fe737e5841e72d367d5a3ff8e8e9d6656ca35150ecad24acad5df7ec7c70116db0953e289609acae2489d0c4e848a01d08381ba94ee2d56e57d6e45644dc8f1c59f087d6dff38dfab4577f97cf6c0d27b3bb9519471ab060ac19811f466a33c4093bbd3fd2f5f0c1d68c94ad2bd33124ec6250937133921e8c0528092283292d9c481b997f732381c78f4277ae10c7aa45f55b9be62c58d0b7155ee4ff0041903bb6580c934fd2962511cec5c22eecc283e8c9016c4cd32696ca185d90845038803627e5e396801accca4d3ea059978f2f4397da5a96aaf5e9d6b51920b6ad1ea3344e1a0de26a1153f67976df7ec36cb2e99017cd1cb78a7d3900fde344780a6fc8549e55f1db2576a45042cb0a3c4c657508e1788a025242e18d7c45324016a3217b31ebfb39a026e2223d37f8909fb543b0190229b0641c8a4adac7a4a63ba9418cd54926a41fe3846ea4f7308f335e9596a8ca626fdb5604532c8c59f8a48798ebdac5ad99695a934cb5e280f7f7399508b839b29798ebfe68d4b526659662b00d9614d940fe3999114e9e732589b4a59b7dc64dc425bf57b57ae1a636be293e3ae459025338270841069e390a6e124de0bbe407c543912198934d78f1bfc46a3b646ad6d3cd3ae16e6300572990a72b1ced5a7255b88c416722ab7a163b6b70c3e366ab7fab4cb4014e2929ff0096af8cfa8f2144b4b689628d3727c36f7ea72618917cdea9a15e45f560d3a7f72c8e48152ac09a7e3b8f964ada88ee790fe746af716fe638b4d4fdd2c164b6cea7902449f1f2009d832b0341b6486ed1234fa43fe7162c93fe55dcd79257d49eec4920238d5553d30a08dc83c72c0e34f9bdd22474723a95da2af604d4d69dc1c2d6aa8811780df8ff009d7155d4c55ac55c7155a7156bf5e2ae1be2abbe78ab5d462ab7af5c557aed8aab262aaaa32495df3c50d1c14ab3ae0a56c62ade10ad7be1215d91b56fe584ab477c6934b6b850da8f1c52bb1434722ad76c55af6c212bbe5850d8a60a4b7855bedef8aa4994b7387cb1410df6c0868d7e8c2a1bf6fbf149753b8e98105aaf6ef8a1ddf0b2b6c5303177be3497002b8a1c6a31a57571a4d3b6c2ad53df05abba6490eeb812edb12aedb05a1a03df0a5bd81df12aed8d310add3efc5895c314535855c28314b7ef81487015c295e060636b580ea555a83f6ba50f5f1c2b6f997f3aff0026c431cbe69f2fc7489016d4a035a9229fbe5ad4fc44efdb21272613bd9f3bc96f35b1a3a8a1e848ff003a6005baa9ef3ff38cfa93a4fad69a6450c7d2b9318000e20f035a0df72b981a9146dda6964087d11302f2f1ad602a4f26fb5b781db300bb5050af1b54bb2806946048069e35dea728922d02e249633010454d2a7a91d477f6c8b2b46d8d9ac6a25602a28108df6ebd7080832465c4ec4089540e42bc69d97a81d6b5a658104a49a8de240cbe9047456a9540091de84edf80cb0228d31b4d5cdc5cc912a308a125a86bbf6a0a529ef86d85909e5b91c54fa2e3911f13554743461d2a32640098c894681721d10736562442e694e6054315ea07cf055367bdc7939e1e9a2281fbd9147252e05761c8d29d325c4c083de86bc8cbc7c8a316e2100afc341d29f2c26a9ae8bce3cd162891c92237a6ff001056ec361d37df23c9b370f12d6af6f56f5ede262d1f4af504e654376b919202e3cb973a847c90333353a7be59c74e3989930ad6bca97561c9a7056a4d172d865b71726062d3d9342c41199024e0ca14a262a1ad36c93590b910835c4a0044a061f2c0cd190961435a7860482ace5a407f1c09b64de5982913bbf4ed98f95cac3cd11a896f55421ea464201b721436b972cb2431ab7c414546645389229af959e51763883c0fdb23b6e0620eea4587b3f972c26d426855023c0bf6895ea0292031a6e09dba6d5c96e5890007cf7f98da87e98f386a37c528893fa3145c8b8548804550c7a814a64e2e34c3ee1ff9c7bb616ff969a24a23e2ef1392ac38d5649dc8615e8370064c38f2e6f570a0a815351d4f7a9eb926b771e86a49f1db156f155b5ed8aad271568e2ad7be2adaeff46055dfaf0ab58aada6f8aaf5f962aaeb8aaaae492dd3c714068e04adeb80abb142ead76c34976d8556e2aef9636868e455db61a56f02b743e38ab5852d7b60570c50d8dba61b57614af18ab74d89c5525206516cdc70a79b89a8c5435d3b6292edb2286fbd7156be9c287629774fa71568e14db74c6d0d6e0ed8ab67021d8a5df3c0aec2876f4db0a5db53021aa0c55d4031b56f156a9f761b55dec7152ded8501ac09a752b852b862c486c57be042e18514d6df4604d2c9a086e51e1b8412432a3c5246db864936607e78a43e51fcdffcb14f29dca6a9a52b4ba3de124c0687d33d4007a9a8f1f7ca88a73b1e4e2e6927e48dc2e9bf98b6d6ea51ecb54865b224d010c57d550c3c6a998d9c5873b4e68bea8f86a39b7c5ba8de8491bd06fd735eed627bd6cdf0834889e42ac581ad7a752728945b01514059d40606953c4d09e9f865618945c65d901a71a1a3721d47b0c9808b415d49306694128d1961550390526840f6df73930c09621ad6a66da91acbc99837379284d69bd283243645da49a1ea714d2fd5d0299a46dc0a8eb41b1aef5f7c924c4bd1f47b631a3492fef46c4f7e87a6486ecc1ee4d1920928020b60adb32ec0ad0edb803aefb612033dd4d6de16b78fd4979af20b22ecaa37d9bc76600e0e14def5485b86b758d5cb2c7213f647874ef8ee19463658279934a8751578627015ab5df7a642adcc80039bcfe4f215ac6cce7e26a92189af5fa32c06baace22498db797e0d3e257d88029bee30d9718e20c1bceba45addd5b92f153d075ae4848841c40bc7756d2143fc1f10a91f7666639baecda709249a73a5578d47cb32049d7cb1297d47da992e26a30a696d1c36c36c2c4c57bbc5110b5ac87f646f8b1349841664a8e5dc56832b324c62cb346b4fab58f361407c731e65ccc410aa3eb37dc7aaa1e47e437c9c022724ab537facdfb381f676ff0081cb5c726d95795155278c3538b6c7b56b812777b05bccfe5fd1af35f49044b6d692cf66aedc964e2000bc4ee0bd453df2c0d669f3549693de48eb18e733396a93f324d4e4834ca2fd0ffca4b592d3f2c7cad1c9569e0d3e18e51d0f1a57881e20107e79600e19e6cdd5836fd4f63e23162de1568fb62ab7e8c55ac5569c55df2c55b18295750e15776df155b435c5551715564f7c52aa29f4e490ec52d1a0c0ad1c086b156fa74c2ae1815ac2970c4a1dfaf0857602971c6d5b076c50d5302b5815ac2abb254aea6295eb8a17536a76c52927cf282d8e20f6c422dac29776c4a4b74c8a1d4eddb1568efdb0a868035c4a96fbf5c55db9db157577c690dd4634ad1a1c55d8a5dd714374db7c369b6b228a775c29776c55a06b855b1e1df228777c925b1d70ab78a1d8abb15a5c3f1c55753f0c0c5db0c55aeb8536d8fc4604062de7fd15758f2c5d4062f54c0f15d2c74a9a5bbf3703fd65e429ef896c8ec5f1f6a93c7e53f3da5d5afeec595e2ba3b29560aae1a8ea7c54e63cc587698e6410faee378eea086ead8288e45571e91a232b8aa9a53c0f5cd57234edc4ac2a4cae9133312ae83a9f8a953d6941f8ed9121224a31ad3e22a644720b328a927e43292198368e86b1835208ec00d857a6c294fbb0c5124b35650d088ab4999aa7893521baf4c930bb79579d92ff00d367b42013baec40dbb60069b6201787eb177e6dd1645ba81e590292edc09dbc3719938e513cdc8f0491b322f2b7fce4bebb6d2a68faee9beacb5e293a3707a0e950c0827eecc93841161c0e3e09d4853db34cf36eb7e61b3b59ec2d5dd6f179c2a1941a034352480294cc4918c4d17610303bda4da979cb51b1956da68261348688aaa5aa7a755cae3a883b0c7a7e31c412cd4bced796678ea10dc5b11d39c6ff00c01c90cb02986027e9a294a79ae6bbac96d348788df623afcf27716d944c7ea0819fcf3716bcd1e4561fe5100e4c441624418eea5f981a85c298566544ff0026992e0689984586ea7e685663f58bbab1ea2a49ae5d1c61c1c997b922975ab327917257b6c72f11702790152935bd3634f51c8e3ee326038b2c910964de65d196bc54923b019608170e59e2925e798a4b8fddd9c7e921fda3bb64b869c796527937a7452492abc952d5a92712c4067f63044d12171f153efa66248b9b009dcac21b748fb752329e65ca000092c4248a49ee976460508ef43bd466444387912c8924b8bb3c4558f87ebcb09690f50f2769424952dae0718c005e45a1615da84107a606cba4eff38357b3d23c9563a45af2125f4c150834568211c89a1a5413c686837ae5822e34a458efe4b7956c3cdbacdbdbcec164895a79391a165fb141f2e5c8fb038473612342df71e8b6c96b616d6f1f1578630aca828ac953c4d07703e1cb5c528e64a1a8341d98763efed818b639fed05f9827f553f8e1571c55aaef8ab4698aadc55d8ab6bd7155418ab47155b4ef8aaa20c555d462aa83dbae495d8ab47a634ad645569c42577b6490d0c8ab4710aedb0dab782d5ac55d8ab7ed924b580a1a2698d2bbae056e98425dde985578c557f62715490e50d81aad7a62b54df6c08688eff7e1090d7e385242e39162b4530a5d538114eea70a5dbd7df1571f1c50d7cb1486e9df021d4db14bab842b7da9df12868e04bb15680c921d438a5be9815c06285d4c92b78a5d8ab86d8a0b78a29ba8c540777f6c52dfb62868ab56a08af8ee3fae498a94c9298a442d194752855909ad453b30c05907c9ff00f391de5b8acef2c353568d2eee2231ddc29b3afa678c6ec2a49041e35f61954a2e6629bd13f267cc83cc3e4eb16776373a68fa8dc46b53c4c6bf0d7c2ab4cd5658d17758a5c41e8705cd52b2bb1a8e2c1ba9f0ebfd3286f242e0b0aabf267f4940143d4827c01a6d9028e488900019cb73052aae02a9fc3c70532b4beedfd48dfeae02b053c4f6ad3724d7b570a62c2352b79ae25923000a95520a97f8457ad0f5f7c0cc05ba2793ecf50b996daf210d1bad028f13b7d3d70c772e47118eec53ceff00909a65c567b28da1bc8378e68e95a75aede1dc65e2528f27698863d40e1984fbf2820bdd152d7ca7ad0334b12dd8b3be03e17462260ade0c3e3a7b653966263cdd7ea3b3e780d837166e9a2585df98ec12555664779514d3e2f4a366a7f1cd663c64cedaa798c7191deabe75d020d5a29659a24e61762a36dbe64e64e526ee9a34794c0f34a6d7c8fa7da689681205f5a64f5e67237264dd47d029974a038415cdac9ce66cbcbfcffe45b578b9450d2491827c23bb1a0fc70c25c2e6e9753dfc9874bf9729a6c25248eb2d3e2f9f86592320d597522676e4f37f30f958a5faa46bb37dafa33271646834431cd62c96d23110fb55dce64c244970b20d98ddff0033188905493995175d389297a58c8cdd373977134f82427165a36d56eb9599328e364169a7a4280fde7e7951936f05323d254161c8ec0102b954f936e33ba32e19b97a5d8ec32b01c894a82bdf5b2db58d1a31c9c0553ef97814e14cda1fcbfa728b92eea4f61415dbbe4f9b1141ea5a0dbc36864959c4973466a02a7910284956a022869d6b960699cade51f9c9ad35e79ae0d254d23d2e0585a314e2b330065e2412285b274d16532fc94d74689e69b196526391e68e0672e2351131a30dc753b77c524587deda698e7823996542eb5e26a437126a075fa3df274e2ee9a2481b63b1f03fd98a1713bd7b62ab4e2ab715762ab4d71570ae2ab97ae2aa98ab47156a8715545db15555c42aa0eb924bb156abe38a1af7c8ab431215beb8aba986d56e05762adf7c52ec690b6bbe10ab86d8a5a3810b7156c6155e2b884bb0aaf18aafed8aa439453653b0a43abf460282dfb6043a986d2d62ad7cb1577d1815b1ef8aba95c55a3f861b5b762ae277f6c5406c62ae1df021ba7be15b71ae04adf9e1a435852eae2b4ec534d8ae285c3145b74df0adbb15e4e03155dd71416e9814170c29753b8c50de2c542ee59a289da05569554b2f3a9155f1037dfb62c83e69fcc1b486eecb5abed66559b55b94e28492f234a640544200015635076a1ee4ef4cae41ca81ad8306fc8ef33b681e69b8f2dde0610eb2d1c7153b4f1722bb7f940d331330b8dbb0c3ce9f4f4b3ca8c2442cf136f242ca0953e03e253b9ed9af120ec25044c1fbf51c3d48481b206a6f5aed5dff001c6480ab0b98e3e32728d831a333826a7c7e1ae567c998b280d4140b77113112354042093ef4fedc598e6c6e28983a453b912ee232c0abd3e67fa644b6c4d9649a6dbb5b5c4732312e3aaf4dbdb11b39140865b2dbc77712b0506551cbbff1ccc8ee1a613302c6afbcb1ca4facd84ab05d755046c0fb114a6572c60bbbc5ae063c33161e7da836bda2798acf5f3ce7bcb02eab6ecdfba923914a48a36ea41d8e6388181b72b2e8b0ea31118f66567cef61a9e9e6568a585d92ad132f2656a7d93c70ce8bc9cb4993148c4a76ba94373a1d85c464524b68be8608030fa0823273da229c18c4f19609e62b8824589cb51c4a81abd3ed0037f9e517745cd8c4804319d6aee22ceae4731d7e9cbcee58460f1af386ad67a7df8692a5981e200aefdb2fc6376f31d9e7d71a55ff0098271720186c91b9736eff002cc88c845bb1e8279459d821b51d3aded3e18d7937763974644a7369a3886c96c36839d48cb8174d90a69651afab43b81d72326989dd3874844341f013f67e794eed92a21bb377527b007723092d71149969f17d72f158b1014ee7aede38404c8a3b5576bb9a385582a280548dc6f97071d3ef2cd94625e40524414aa8ad7635a03b1c3ee5127a1e8f690309a58a3f5a44702457da8273c0d1546e3a74ee2b8b1376f9a3ccba4dec5e62b99eeaa4cafea863b9a39240fc3260ece3cb7933dfcb8d1fcbfab49226af3bc3764afd56e0056f4e42684ba1a33afba9dbc0e1058c8905f6779064bc7d2a1b6bfba8e77b5410a0422442621c494704381b5684658e39e6ccc91b54d4f87da3faab8b16c93dc53db1568e2ab7a9c55d8ab4454e2ae18aae514c55781e38ab88c55ac557ae2aaa9d715541f8e495ba1c4a569a57156b01568786202aea0a62868e34968d3021aef8ab78ab55c2556e055e30d2b5fab1a5777c695b18d2afe830a5aa0c557af4c55536a62a901db286c0d77c2525bf1070062ea6d8952eedb6215ae9f3c52ea8c50ea57025df2c55aa6f9256be78a5b1810e3be04387b6d855b1d36c6934ea9c3486c54ff4c055a34f1df1a56856bed852ea6f914388c29b6c118d21b15c9290b8604114ec2c9a18a0ae1818b7f4e2b4ec50bb0aac69100258d29dbbe2aa4d3236c5495fe55a54fcea462ac0351f22417faffd76e519b4a7492b6eedf65c329a13524a152471ed8d37034f36d5ff002ba4d07cefe59f33d8c712c51ea16feac3183c555645af5f15e47ae63668d073f4d9788bd5ae127b1bd9ada41cadbe29636f889f4c8af16f03dbc735520edc95d69324d1896d999224356a806a0f6a95e982d82b9b88ead053854ed2281b13dbed0353ecb80eed90f241dff268a3650e29505b8b053d854549caedb2922ab3de3c8b54986cccc28a69b7c228dff0d842003f04f2d7d4608931e2e372413bd3e8fd5890e6632193d8ddf08c2965e23abd7a7d193c72a464835733ac7ca515a10694151b83992241940149353d32d752836600a8e458f5a9ebe3dce120173f0e696336f3cd67417b367686431c80d0bad4d7e63a6624a0ef212c79c54820e0d5b52b3d3bf4746e766675753400b9a9d88395ca26a9c19f6444cf88162f7161e62beba67b9bb32daecc90990ecc0d41a529b642102ce5d9f1036a406b3e56f30dd48196ff00ead18fb7c5cb16fa465e01463ecf81e67ec6392fe5fd889febbaa5cbde4894215be15a8f1dc9396d90e663d06289ef416ae6da38cdb42a111451428a0c2372db9aa31d9e77a927295c753d2bed99900f25acc9697322c6b53990f3f90da234e0092de3df205ac52bdc4e40209f854edf46001129371ddd23508dbd3ae262c2cb29f2d40cd14b315142081e3dab9388413b3a692970cc854475a5694d9760075cb1ae997e91c9a481555eb2a9e9b1aaeeddfa1f1c43195d3d234d5757102c6b1bc0669e5e2dccb314351cb6edf761288edba530793f4abbd5af1f51b11347f5b78e3808a94b778a40149fdae355229db080d523650da07e516bba0798f51fa82c6e9a75df129212629addc8789c529c9482a18634597144f37d19e578d8dad5f4eb7d36f13e1b88541e04ff0032b281506bb5483968e4e24b9b2a55e2a01001efc7a7e3be2c1a3f2c5569ef8aaddb15753157531570c5570fc3155e37c55c462ab4f862abd76a0c5559715540324ade295a46285b80abb6ae04b75c921ac52d119142da62ad9c55a27155a3155418692d91810d62ab80c925762ae18aae18aafed8ab1f394b602efd78b22b8529ef81835b8e9852d62aedcee71576c70143b61d30a5dbe34a29adeb8a5df8636b6d77db143875ae45576156e9b62875324aeefb604b54aef810dd302adf718425b03143bf5614b7f2c285df8e28a6be78ad38018aaedb15b6c628b5c062871c55dec71576ddb61812549a2e7223f643c8fb9a11fc70b2b436a1a7417c8a8ca392b2ca8d415e713075dfe6b9098b0cf1c8890297eb16125e5999230a2ee2224899aa3985ab14201a6e2a334b2e6f491e4189fd728c54b7a31b15062fb2dea03dc1afe070021640908e4ba82590f2899032d3d40199491d4f2d80fa7010a0801abb99665090b72b78f7e6428a7fc1547e190a6d12b48a464827e72481433555d578a548a5186cac7eec882cb90464538882c7105435243aad577ed4a9a5724d9096e9f59debb1f4a8190ee0ad1811f8642e9cbd8847cf3c5c42300508f1df6fd599119535004149ee0cd6ead2db1e71b6c17b8ef5cb389cd8e40762c5b53bb32c6d0f47afc55c176ed31011dd89dd7351f0ee7c72043b28e441a5f08665eace4e10006bc992dabebf79159d4501c34b8f200298edf4f218d9246017be356ca5a801816bb7889558fe271d0e5d18ba9d46a4961d71b5647ea7a0cca88796d46649ae650cc141ea72d7564da26d9ca05a6d5eb912b6dcc790607be06254633f12c6a6ac4d061a636f43b27fabd947656f58e5e2ad24848e3fe576c980a4bac6196eae9605fdd92769b6e3435a541e9f7e1368e6f40b4b74b5d2a7d56ea6467b22ab0501092dc332a700adfe4f2278f61837636c93c9ed2deb5d4930721a3939906b567535a0afbe21320007a6794b4449e6d425b803d58af6758b8f20a163b758d490694e743f8e5a1c29d8670623677c97ce83d19a458a763fcaca235eb534e4a07b13926b4f0dbc45838d9c0a735d8d3f56162b954a2f127953a1a536f90db14346b8aad38aad18ab7df15762aee98ab63155e3156cf8e2ad62ab9462aaca3155e3249762ab4ed8ab44e4695a18a1bc925d8ab4dd3052b43021c763ed8aac38a5ddf6c50aaa3be2ab8e1a57530aae0314b88a62aea62abd7155f414c558f536a650cddd3fae14babbd7b629a7569810ead7e58d21d8692d0f7c4a1db54d4e04b7f4ed810e1ef8695a6a75c4243437c292edfa6450d9f96482b607cf0abb1577cb15775c8d21dd0789c42b5f3eb8ab8e29a6eb5db14386d9255d8abb15752a7156c018a2d7604aec2185b8edbe1a485b5c8b2a76ddb0b121bc5934457a1dfa83ef8948e6a2b17a8843d0b0fb2c2a2845334b93997a3c7f4861de62b04842deb45c632dc65d8029229a2b1ef46e869df2be6db1ae4c7ef6fa28e32a2122a94f54aa13c830e8179311bf534c4062761deab0ea91bc09525cbd632001115a740c187c476d857e9c48a444da165912e59c4ac6150a0b92e38b11d0a95268dedcb22c94ed924489ae636895893c848a5988f70ac454e26db214ad6d7c6dd8975f4ca8aa3a901457fd724eff002ca4b9f0f34e975343102e41229c986df4e31937185a16e75448939472034d980eb53d32e12718820b19d5356b2964759e84f4ac642f4c9821cac7a830e4c5752bdb68890923007715ff006f2545cb1ad079a49737904456512115a953e1e393161ae5ac050afab5bbaf1498914e27fa64e896afcd81cd8fea5a8a1565e66b5a62225864d68ad9875f5e4079f261500d2bd7322317539b5464c52f2f8bb7c428074197075b224a5f1f2965269527a648b526eaaa918aad1a990654839260b5dea70d3592bf4f459665604070453c725c985db3287eb0b1c68c0120f16209248ee7f0c24d2222cb27d034f613fad2b7045a1793621509dcfdd8b292cbad76df56bc16566bc6c2dc816c2854cb21d9a4614ad481b78602130be65ea3e4b923d3a117041923b547b8953a0e312f222a76fb2318a726e1effe5bfaa6a7a41d5f4e944b0ea729bb2c0508a9040f98cbc075923ba76d1acd6a07ed28a1f1054834edb822a30b1456c46d4a760361810d1fbb0aac38aad3d37c5565057155d8ab58abb155c3155e3a6d8abbdb156b155ea714aa8c4217fcb249762ab49c050b305ab63f0c55b392a56eb5fe18a569c8a1afc3156bdb156bdb156a98aaaa9c34abcf4c2b4ea6295c06d8abb1577eac557a8c55529b62863bed94b7535faf14bb61db1438a9eb811b3617fdbc36ad7862ade450d53eec369b71a74c50d74c2968827e58a6dd4a628b70f6c54aea1c168d9b1d3a614ba9db0abba62ae036c8943469815d4f0c2968f86215ba0ed855b03be1412b88c086b0ab8605ddd4dc61485e062825761b62ec0ad62ca96feac534b857e58b12d3b4704325cdc3fa70462acc7f50f7c988da420ed6e52f6ce2bfb6fee26532253720127efe99a4cc07117a5c22a22d4f51894c3e9cd12cb0cd549cd6bf0efd8f8663b7816f2ed6bd4d2ae3f465c19638c8e56b73ccc62500d389e48e015f620f81cb6320d33894b2db51817528e08ab2b1018b4cf23935ebc5242541f7a6f864184495d3cba8db4bf5ab566f45a4a496ee8b5527a37260bb1f0a7d394f32e40aa475cc8d1dba3461e099c97645fdeb903ad287bd6bb57010db12a12384b761c4293f19660cadb9a11b9f6ca6429c9c66cb7a75fc722986160c836ad7704f6394bb08a86a302ba92a195c743d8e3c4da6208613a95bde43eaa8e6deafd90bd057c7db2d8cc344f05f2627a94b7bf0000992314a8fc3ae65c723853c14520babc96af17225bbfcd7f565c08718c0a5b24f3430b9e47e320fcbdfe8cb849c79e3252ebabc98c6090c4ff3789c3c418786522bc79a53b290077a6580b5ca0811632495692a3c064b89a8c135d234790ca2665013a29380cd1182a6b310b76e0a41a024d3c70458ce98d4ae399f7cc80e248a75e5eb779a5f5c0a2c7434a54efd3f1c34805e83a4e973cf37af711828168b120a82e7dea29be0a550f3979a20b743a1e92e4173fe972a90053fdf6294fa77c1b32e680f2d8473c9b79ba2afcbb93dba62d81eb9a5bb5b79635a9ee8a873617ad1f1278806dd8203ef5fd7880b37a0ff00ce3af9a9a7d3e5d02e64ac67e2b504fd97f0ff0065faf3286e1d6e41bbddc280c580a13d7df22d4de2ad78e2ab48c5561e98aad23a62ade2aeff00338ab862ad8dfe78aafc55df3c55d4c557a8a629555c50b86492ec50b0e0295b810d8c42afed9256ba62ab4e455adbbe2ae3ed8aad38ab5b93ed81559064d2a846db62ae03155c3f0c55c462ad62abd47dd8aaad3e0af7c50c68f8e52dcedf6ae28762aeeb4c0add30856f1286a9914bb0a1ae98a5c00f91c2ae23b604354c36925b1ef914378ab883db0abb249775c55ded810d7cfbe455ded852e1ef8a1dd710adfcb24ad8af8e2aea629701810570f0c285c0e29762c1c48c534d1df02f26b0b2b558223349c01a0eacdd95475270816505e6ff00997e692aada6d9b718576a03d7dcfbe1cd93805073b4b8388d94f7f2fa7facf9374724d5843247ed5499d7f0cd0e4e6ef804fe4559c11b928df12834dfdc657490698af99746b5d7f4d9b4b9482dfdec4c454ac8808575a114ebf48c8b290dade44deb26a221bd951352d30fef6262516689b753c981a2e648224e3114c9acb5082f04768b2ac775b4839c685194d3ecd5976dbb03f3191313d144bbd59d3d326ea595665f529088cac891a7ed5012df8b6572b6e8d353db5bdcda4b36f2126b1a122a46e3a56a32b9c2b9b918e567663834abe86e84c11921620baa9a90a3bee4feb198d20eca12a6596167f5ab6322bb155ea1c0af864406c3929466d092e03b500edba95fa72422532ca18e5ef95ece607992bb1af2423a03b6f96004354b2319bef26e92159dd89fe5a572624d3cfa24d73e58b268ca70242d0934a1f6c989141806397de5d0b2bc71a16553b1e240fc7a65a26d6718491f42acad191f676200db2e1371e5008cb5f2a195d64201507e31ec31f11c794143cc2d0e82a630158b50fc34a50e4e04c8b5e40221e7b7b7ff005867724fc7d478573340757292012169dc2c60b31dfeecb5a8eecfbcb9a4c92c2a2dd384fb026be22b535f11912909b79abcd31e856cba3e9efcaf7804925d89453b9008a6e7f56108799fd66496632c8c59d8d59bc4e064197796f518add939b0041afdfe380ecc9946bde7858b439349b77acd78a207507654277fc318ac8b38fc92bb78ef6455254f01420ee0f8fd199512e1647d65a0eaebac59fa8c40bc8488ee907f35366f93609071d33c0ad1c55a38aac3f862ad5057155b8ab878e2ade2ad8db155cb8aae231570c557ae0554006155def8695c7c46295870216e2ad838aafc5569ae4ad2d644a1c3ae2ad11db156b15750d715564d86495529b5714b54c557018ab9874c55aa7df8aaa20c55529f09c50c67bf8652daedf7c543b1496e9816db1b7f4c282d0071576f815a3ef8d2b7b11850ea6d8dab4478604bb0d269dd71436294c086f60302b5df24968e156c75ae02871c14976dd71a56bf1c50ee985577614c52de156a98b125d8a43605714ae1b62c4b7ef811c9b3be29d969c50edb1554d5265d2b436b873c65b915af827ec8fa7ae5f1d85a62388d3e6ef376a45e69a626a6a42d7c7355967c527a6c30e18bd3ff00286e249bc856d420cd0dcde45bf6f8f981ff000d981939b940338dde9221fddba8aad3e2ae4589a4baeedf9dc7a8a0a1500546d5dc9069ed902141003ce3f313cb524f18d5ec101beb5e7ce3a0ac91b8ad0d41145a569e186250770c1f49d4ee623135df08aae03c693714723e12c84ec2877e9f7665c45f271e4401ba751eaf6827f453e272e55c166e6b503f6951801bf6df0107bd31645a7b59409249458a3009765e4799734d83ee7a8deb949b2e54081c91305aa4c45c40550b554a49dc8f15e872a90ef7244957d3951984548e6404111b51081dc7206bf2c88886e32d9b8e5658c4a64e8ac4bb579054dcec0e594d495dddec6e95f51446db03de9efb0a834c6995d25045acf1b2c8389a755a8aedb1a9eb8384367114ae684514232b906a05771b7707e592e12c788245aba2f06a6ccd563e1808a5bb631140d1bb96f8475df7ad7714e9960b68920eef51810c96b4a72af3a9a02c76e9da99301a645e6fe66ba92e5cc240548ba71efee732f1469d6e7913b31370c4d40a81dc6663af2136d0f4c7b894396e8090a3ad577a1f9e1620328d435eb7d12d459e9ec5b502a3d59850aa77515dea4570245b039e779a43248c59d8ee49a938b2530e14e29545bd743553438a2dbb3b892ef504566242ee72403548be8bfc9f8d924966afec8197443448bdd745d77f43eb315cb126d64012e90778cd2a7e6bd4612d45eb0a55807460c8c032b0e854ee0e40b16ce2ab5bf1c55653155a7ae2ad62aee98ab78aaea62ab9453155d8ab8018aaa28fbb155c30da5776c2868f4c52b09c89435d7156c018aafc34ad13db12ab702bab8ab80c55d4c55b03085544c295418abb156c62ad918ab4315545a75c5553b77c58b18a1ca1bb676148680c4a92bbe5b628d9dbe2aec50d7be296a98ab6050e36ad9c0876d4ae34ad75c295d4a74c1686a870dabb02b86c302b8d324156d76c52e3d70ab630156b7fa7156c6156f156c6282d78e2a1def8ab631416c75c521781df022da38514d62855b684dcdc456e3fdd8c14fcbbfe1863cd521fcccd40adb9810d0740a3b01d3259e55173b470b93e64f385d944615dd4d6bf4139a802cbd09d83d53fe71daf9af7c9fa923ee22d524a313b7c50c27f8663e41bb613b3d6a19219da7855bf7b03709546c43501db290b28902da9d555486dc7415e985a88b4a2f6da0b912c72273593661d07d1dfe5903e491b3c9f5ef2c4363a8bc6ff00ef14cc1ad25763ca172a6a8091b57a8afcb2c84ba309027749f4dfad6977b3dbea2a1fd703d19cfc4922a9a8e342287c7c32e6ba4ebd68d4840ad2451251c94a2f800a791ae44c69b2334d74c995e58c7d6054a9e4a001c478000902b95d3951984725d8ac804920442543bd3765e9e03eec8d370925379790fef51856dcb334afc831069fb34db8f80c0776d0285b19bdd6e28d5a256e4b5a48e08dd766a6c3b1f7c2053195cb749ad7cc8cf3d031209254124d057e8c935946cd7d14b4049475df88ef5dea37f1c1690915cea2e63659418d54d2ac773bf4eb9202d64698cdc6a92089e434f4e3350a7c0edbe5c038f2930fd7f58170feb87ab8ec3a803bd7be64420e1e4c94c4a6ba6ba7603724ee7db2f11a702792da4b7923757751e80dea7a572e0e3c95e6d41adc7a7640a83feed1b5037da184a804a4f391434ebdfc722191429623a6498ac2ddf0ada8492900ef85ae4537f2d5b3bb35d1fdb3c57e432c01a9f4c7e59c1f56d33d522864afde299600d727a03ce1b89077e86bf2c05897a77e5feb7f5fd39b4c99ab7365bc64f56849ff008d4e44b1a660702169fc7155bec7a62ab4e2ab7f5e2ade2aeef8aaf03155e062add31572e2abfdf155c32496eb8abb7c050b0e0568e2ad8c42ae1d32496b052bb1a43a98d2b74c55d4c2aec52a8b8aaa0c55c47618ab6076c55b3d3156875f6c5551457142b5314315ca5c876f8a2dd4c52e38ab86d8a0b7b9f9e28750f7c50b7e9fa714b67c714ba9418a1d4f0c2add4d37c14aec2ae1bed5c0ad77eb8ab7f4e0a5713e030a16ef8a5ded850d8db14b89c14877b6156f156c6052d546156bf56296fe58a08b5d8a85f8b02e38156d3c70aa6ba0c3cae26b823682334ff59cd3f5572c80dd49798fe65dd133b29ed5ae63ea8bb9d0c5f3479d2e0a59dd484d48248f9134cc2c7cdda64341ea5ff38b33b3f9635f4ecba844dbf4ab41bfeacc6d46d2678b7887be45027a9248a9f1cc17d43e3c7a1cc601b252d963f0e6b11fb54e5c49a9f0ad30a2ac5a0ee21f8844b56340431dba7bf8d0e34d5cd22d5b484d56de6b4b853c24e23903f15577523fdac85d367279b6b766caaf693a38318e2275a2d1f7a1e54aee06ff000e644276d462c7a1b996de55b19d36837f589079d7b8e3f0939696011f3dec9305920b8a85ad0d78d6435ad02d06c3a6dd722635bb646617a5e84a23cdc0927e27a7714a57b9df2a21bb882457fa9c72216127d86e25c56a41076a63c269b0656317f7af70b28490a57af2a54fd192017c409541a82c638d07a80d6b5f0c9f0351c9ba710ea2d15b0994faa0755dfa9e9be0e15f1128bad427bb98c921a2c649727a547619600c653a623aceae18b4b093bfec1e95e877cbe107127958acaf24b20eec73200712592d74512c6f47aa7f31a76c9538e4af6577a33352334fddfcb256cc42f72839c71e54237ed812764095077ef8582848b4c2c4a19c10308605072f272117ab1a5324c0bd0fcb1a77fbcf00151b7219600c0be83f2da8b3b14b51dbf5e5a1aca7897041a1fb436c0431a4f3cbdabcda3ea705ec26a51be24ecca7aa9f623000822dee16b7705edb47796cdca099792788f107dc656582a1df02b5855691f862ad1c55dd298ab606f8aaf03c3155e31576fdf156c0c557d302b630a5bc36868f86212169c08762aedf10ab874c92b47ae0b4ba95c28750fd38a570c55c77c50e0298a57ae2aaa062add3c715762aec55ba62aaa83162bf1562bbe52df6e1b75c0505dd4ed8543bbe254b7b9c09a6c9c698b5b78e2ad1186d2e38ab7b628761571d86297501fa72286bbfb614b5f2c2aba95ef815dd3156b7c690eef852dd31577cf15762876f8a5db9c086bf861576296c571415c31636bf6c50e38ab8f4c6d590e810d34db99bbcb2711f241fda72d820bc5ff33982cf311d1549fa77cc3d53bdd0f27cadf9817e2281a3aed211f8663e21bb9b9cd07b2ffce27ca24f2d6bd283f0b6a1180bfeac02bfaf31753f53769cde30fa391a8001d3a1f7cc66642d7807232000b7f377a1ebbe1a62666a907721951de404ef5a29a91414dba75185800958595a4612381cf92aad36014fc26bdea0ef91a6c2525d6f45b6bda3ce389a701425454f81077ae0dc2879f6b9e5d6552115ca57724970695a752db6484e99f05879f6a8ba86800bfc73d9a8e4fd39548eb5dfa665c240f371278cc770930f31c72db07e54434e719d88627af8fb658601ae390f5404fac25c3752116ac36a0f8ba018444520e425269b531e88793e29295080d07d38463dd0732112f83ca1d4f07fe5af614c99831f12d31fd2a9e957995208f87b1ed90f0db3c542df5d2188461f8d5b975df2420d672b1dbb0bc07c60464edcbb8cb845c7948143dac6b21251390571f17614fbb2c3b35c41257cf6fc24f5e5a3b1d80a500fa321c4dc31d212e8efcbf68e1089140b216356dcfeac935159e875dfe9c6d14a32c341f2c2b48099763e38b121ad2acdaeaf9001f0a7c47f864c6ed243d53cbb10b7bb8588d8119780d45ec166e8af1b29a230a7df8a11efea24aa7f64900e258a6504df183dc7438d21e8fe47f31c16892d9dfcc23b361cd2573448d87524f60475c043021e888e9222cb13ac9130aac88432907b8236cad5bc286b156b156f156c7cb7c5572e2ad8c55752a2b8a570f7c50dd715762add76c55c698daad3d7db02b5f3c2ad8ae2abc53b634ad1f0c3496f6c08761096e9855c454e28711e18aae414c52ac3a62ad81b7be2adf1ec7145b8e29701be2aaca3162bb1562b94375bbafcf0abbe59143b0abb6ed852ea6f855d4a6f82d0d75ea36c52de043b6fa3249762875705256d70ab78aba98ab78ab8d71a56bf13815c28314378ab43ae155d4fedc55ac55c7156be78abba7d38aaec0c5b14c2b4bba6d8a1bc55a38ab32b583ea7a347130a3152edf3635cbe0105e0df9980b2dd38ea11bf51cc2d57377da2e4f8b3f326f1da6b48413c897a8f9506578b66dd459d9f47ff00ce2d46b6be53ba888a34f76d23377348d541cd5ea25732ecb0c047187d1517653d32a092a8dea052abb3fb8da95fe99261b294a1a453b8af704f4fa71e88a096bc4cafc40afc1c56504122be3f2a64776c34564d6ace95229d011f6ab415fa30b04a350b0b79a362bbf1079ab57a7715190e4da010c52f741b4963e3245c940efbc8078edd7a61054836c175ef20e9f78a4854e7c776a05a57719647211c989c60f3799eafe4ed42c8adbc7c8aeedc87c002a1db715f1cca19bbda0e981e4c6e6d3beaa5927572fdc821c1ae640cb6d12d3d2096d613210030aa9156d88a8f0c909b4f834dbdb2a27a4accc36a1272424be1a19f4f595a8d23a8a6c2bd325c6c7c20ba0d2ade12182962370ce4b1dfe791332cf800e8ac138a90aa02fdd8a9405c38155a569926b252e923672588a9ec30b02168b66ea46f8a29a68b80f138dad21a4848049fbb0da0c52db98fae4d810c97ca3a3b7a4d74ebb48763ec32d8071a659bd95b716e407d9232f6966ba7dd9789109fb341810caec644bc84c64fef29b13dc8feb82d895bea9825a1ec4634b569a5bea8b0a9a8055aa0a9fb2411420fb1c28a63d179abcc5f97fa83b68178e74990fab6f6d37ef6065ead1ba93b11e2a41c816556f69f227e6e797bce891da4c4697ae900359cae3d391bfe29734aff00aadbe0316a229e80450d0ec7b8c8aba9850d8df15762ab80ef8aae5c55776c55b1e07155d4fbf156b6c55c6b8abb1568d3156b155cb4c0abc6482b469855d8ab6062b4de2976287015c52bc62aaa3155d4ae2ad8a77c505a2298a572818b15603156e98ab12df7ca5b9c315713e182914d9fc714bb7a610aec2aec0ad57eec55bdba6043b2496f156a98ab43c302d37f2eb8ab74ed8a1aa530a5db62875460a56c52b8295c77a61015adb0a5d5a7cf1437d71453a9b7be2c9aed8a1c77c543a9b6295c062c4ae1b62c5bc56917a65b1bbbc8d284a27c6ff20761f49c94424b2fbe1c6d48f6a7dd97060f08f3f5b99d6e62fda911d07cc8a661ea43bbd1c9f0af9ed8bebc96edd622c08ee096ca23c9cacbf53e95ff009c7f9d6db47586b4e64b53e7b7f0cd4653ea76f8fe97d156ee24506bdb00604522aa36237f6c986a2a72ff00311c6bd81db0165114b028e354ebdabb8fa702977a439568476f11f3c2c4a192d5496aa920d7e2da877ef8a7890171a4c6c39d0114a31a56b4f0232349e262f7fa7246ce5800e6a057a7b1c14dc0b11d574642b2cd22d4b8dfa11b7cb01242ddb02d6345b766645893a56a06f5cb63228e10c42f347e0fc9101523734e997c66d6621259ec9d24a02001d41cbc1b712510143d345ebb9cb5aed4e59151481b9f0c504a5971392a40fc32c0d46d07e9b9a922b8514aa96fcba0af8fcf02d5ae36d2542d37f6c6d220b9ac08535182d3c280b9b5a2ed920c484b22d3a6bebc86d2115926758d40f162064c344f93d717468b4cb38ed9168235080fc875ccc88a0e048d96e08b8a540df24c0222da6f4a4f61bd314b28d2ef7d3656076db22509bea439a7d613a1eb81012537ed420f51829283bab95bdb66b694ff00aa4f66ec7052b0a4965b4bb29528f1b78f423b8cb22821efff00965f9cb2c620d13cd9299ad364b7d498d648bb0127f32fbf518ca2d6453ded48650e8c19180647535520ee0823ad72942ec2ae0298a1b18aaf5ad6b8ab78ab62b8ab75eb8ab47156c7862aec55a2302b80c2ab86d8a5b15c921bc52d1c50b80c52de2aea62ad818aae03155e37c5576f8aaedcf4c58aea03d7ae2ab9462abfa62add7156264f8e514db4d50e1656ea62bcd7114c1686b24aec55d815bdb021d4fecc55d4a0c2971e951d715753b9c556d0e142ede80605703852eaedbe2aeed5c50d75c52e0314367a62b6edfc715753156f14b5db1634e38b26bbe28d9ba6f8adb63dfae2825bdf162d938b2657a0597a102cae2934ff001107a851d065b10c094dafd6b01a6d938a1e25e778e972d4e95e998da81b3b6d21ddf097e685a9b4fcc3bfb7228ab27251ece790fd79891e4e7ccdc83da7f27ef4410431d69502bf4e6af30dddc62fa5f4be93745e38ea6a08a572a89dd8c938650e8c8ac5790239aec47cb2c2d512d4113ac2b0b3fa8ea2864fe6f9e4404ca5bdb9411d7a8f0ef8426ed110b12c001503b1c21ae40346014fe55ed43bedd47dd84b0e2b4aafedae96e229e0940b300acf0d0f4aeccb41d41ed95907a393022a8f34baf6287d360d1863d89dfaf5a57b6494449e4c47528635148c8e35dd2829f85299125b86334c4b54d3ea484e24f506a4f5ed5c5005317bed39c725e1f234eb9606120c32fec0f362280824664464d1385b1fbdb69233c86e09e997c64e39804ba481d9791ad7c32c05acc690e6203a1ab7864ad895d1d94d237c428bed89923851b169857a0dbad4e4389988a24d93022836c1c4cb854a6b602a06ff003c36c692bbab6a8200c982821947e58f95febbaa5c6af3a56dec129193de69361f72d4e65628d975da8970ecc9b5b03d4651d01a66690e025b1ad1722550ee28fb62a99d8dc1fb07a6448564f6b75eb5b98d8f6e9915482f0986523f64d77c16a96fac43b6fd7f861a54935c023963bc514127c327872036fc32414a234c98d450fb8a64d01ecbe4afccaf30e8f651e9f195beb6b61fbab2b8afc51f52b1c83e2561dba8f6caa4c487ac7977f34bca9aff00085e73a5dfb6df56bd21149f04947c27e9a1c853120b36a6c0f507707b118a1c36c50d8fc3155d8abbdb156fa6d8abbae2aec55bc55aef8ab58a570d863485c36c900ad915c52d8c50d8c52de2ae18ab74c55777c5578c55b07155c09a7b62c57803ae2abc6d8abab8abbf562ac54d0ec3286d753b636ad814c6d36ea61b57014df14364835c556d70a5ba8e991a4355ae14b6078e2877b614b43f0c0aea0c55ba77c55c077c2aec50e3b0c55dbf6c52ec58d3b164ea6286eb8abb020b74c56dae9852d62ae036c5495d818ba9859271a3e97f5864b99c7eebfdd6a7f688ee7dbc32710c4965b6e8396df6576c9960baf16b11c31578e79eada92b11f3c86a07a5d86925bbe2cfcffd2fea7e72b0d5147c1a85b2d7b7ef206e27f02b9ad83b69f429dfe5adff00a6d08ad06d981986eed30cb67d33e5fd40490c62bd87f666286d906656d71cd456a4d3a1e996b41d9128e082a1be3f0c2c0eeb95abb569ef5c3495488d1b73f2df03192b6c771be1616a1749c976f1dce2ce3248351810c6e5da87bf1ff3ae02df8e64162177a605e6b1c8caa7e2e4dd0d7c0ef95d399e2df3486e6c668b9160ac0fd9218934f7c21ae444920bcb59e40ff095a6f51bd40f65a9c980c0b19bfd1ea439a177a951b8a9efdb2d06981dd8edfe992231460a4773ef960935f856c767b291cb550a9afe19782d338d72534b02a002373d4e4b89ab851d6f66106e2a7c7224dad2296d5403507229a6feae06e14d3df0dad284d6e1f7ed8774504b6e2ccb7c08b56634551d493b0032c05ae5b6ef6dd33404f29f9560b16502f194cd767c66900247d1d336d8a341e7f34f8a4c06fdbd59598f724e4e4d7683e80e419a19c7c5850a91128d51d7142736773c789af5eb91a4876a28255e6b90a5489d68ded925426ab099b4e9d7a945f517e69be1a529668b37351bee3ae581019cd8b3a70963243290411b6f8084a717314574bf594501dbfbd4ec4f88f9e504253af2ef9bfcc9e5da269b7ee2d47fc79cff00be80fb716dd7fd8918430310f57d07f3674bbc090ebf09d3ae0ec6e63acb6c4f89fdb4fb88f7c14c0c5e816f716f770a5cdaca93db482b1cd1307461ec56a3021581a6d8abbb8c50d8eb5c55d8abbf5e212de2868e05775c2adae2abc6492de2aec55b1ed8abb155c3155c057e58ab80df155f8ab875c557d69b6285418a1d518ab862abbb62ac577eb94b7f371aede18a1d438a7676fd0e450baa30a1ac9525c69db22871c212e14c55bad078e043abe1852d6f4c56dc078e04389c3496b0aae1d314347c31568f5c55ba62ade2aec55dfaf1575314bb7ed8a29d4fbfc3152ea6296c62c48445a595cdeb94b64e54fb4e7651f33840b5b64da7f976de001ee293cbd771f003ec3fae4c46989926688a1d980a0e8bf2193628b8168b5f1df0156ae5794647b610af31f3bda068d9f734192c82e2e4603527c91ff3915a14b77a069dae5ba966d32e4c53d3b45703ed1f93aa8fa7353c345dedf1079f790efcc6d18af4237cc6cd173f01d9f49f95b52e71203d2837cc02e697a2d8ddf2504356829fd3086929b45700b004509efd7a64c302158483892dd6a4570140561220200ea36f6fa31452b89691f2009f6ef926b237a5096500742ddc938436524f7cddc8d8fd92bb907df2243602c7ef3936c8f423a93b645b0163f76a58921a8a0d0d7a6067c4855b5e4d50bf0d2be1be4d81295ea364c285936a763503e78a0312bfb208acd4f801efb9a65b159531fb8b64e44804ef5cc80e314235ad77e3f2c348a5f1dab54545078e282aff0056e2412702ba58682bd8f6c20b140cb0bf6fb38505987e587959758d6df55bb8c369da481292dd1ee4ff0076bf47db3f2199da7c766dd66b32f0c787ab27f395db4acf1a1f877cd99d9d3c45bce2e128c4e56cca118018154187c5ed8a5ca3c30a0a22162870211cb2735e27b8c8164975c4543ed842a8fa4ac854f46aa9f70724ac4f40531ea32d937da47294f91a64a2c2de996107c014e49904ce388aedd077ca4c536bd6df7a8c804a2638529f1311ee30d312534d1b56d5b409fd6d135136e58d6480ef0bff00ac8df09f9f5c696adea5a17e69585d2ac3e60b736373d0dcc159ad9bdc81574fb88f7c0d6634ceed2f2d2fe117363711dcdb9e9242c1d7f0e9f4e0a62ad815bc36ae1815bc215aa77c055ac55703f7e2aa806d924b7414c55af962ad8c55bf638ab78aaf5c55ba62ae1e18ab78aaeebbe2ab8124e2c576d5a62abb156fb62ac54d06501b437bd314b5534df0ad3bae2adf4c0b6e1ef9256b156c1c0a5aeb855b0477c8d21ba0ea30a56ef855bc0aedb0aba9bec71437f3c55dfab14b5d37ef8a1aef8aaee98a5dd71570c50de0416b7c292df7c0b4b923925711c4a5e46e8aa2a70a39320d3fcb458097506e23a8810eff00ec9bfa64c4504a7e90c50a08e25091aecaaa0019360adbf1a0fa2b855c13a0f1db1544a8a01e19156a5154c21587799ec96e2d6400ef4cbb98651345e07e73d046a9a46ada2ba83f5bb79634e4360e54f13f41a1cd5e58905df619d80f91bcb2f258df1b69814961731c8bdc329a1198d906ce7e23bbdffca5a8fc1180d40295cd7c83b0b2f54d2f5005077f6c8b122991c3722aa17a91d474db0b146733c41535a7bff5c514e5bc65fb7b53a9ed82d695d2ee9465dc1e87b7d23240b131749748ca5ab46fbeb86d6a9013ca18104fd03b7f1c2ca98f5e4b5048d8b578b03902dd1095ee4717a37b9c014c6d11c1161e6dd36ec76c9b590926a9270e5cbb0fb477fc302b0dd45d1b950f206b4cc888632e490b42796fbf8e5cd2567a22bbfdd8daf0af488c8db8a2e162553d3515db71d30214248797ecd7155b6ba55deab7d6fa758c7eade5cc8218507f331ea7d875396423c469ab24842365f415a68767e51f2fc3a45aaab34403dc4e450cb2f57620763d3e59bbc70e10f3197219c892f2df313862fb6e3974ee58f7ebd3092a1865ca9f8980aa9d87df419125994bdc54edd3162a053eec16c97a2f1c58aaa8a8af8f4c3495eac41a1c149b6e501d41c885524404114c9218a187ea9e73a568972ab328f73b1fc464e2c0dbd474e8cb0069b1193a4da70b6eb4e990a5dd77d5e82a3a64084b7e98ed914b5f5553edef8d2daf4b623ecc832348b46e9f2ea3a6dc0bbd36eded6e06e6489b8d7e63a11f3c0bb17a068df99b7d171875eb31711f4fadda5164f9b464d0fd0463cd853d074cd634dd660f5f4db949d07da41f0c8bfeb21dc7dd818a3076c8aafc215d84aad39156d7085541924b67a62ad62ad8c50bbbe2970f018aaaa8ed8ab8fe38ab471570c55762adad6b8a1703b9c5570c50be9b62ac54e52de02ef975c08688db10870f7fa3094b7df7c8a1c6b8556f4c925ba60b571f0c0ae3855c3c714346b5ae29701e38aae23bd3156a9df0a1bae2a43bf562b4ec55a18ab78abbe8c569b18ab80a7cf15753b0efb01ef8a53bd3fcbf24e435e131a1e912fdbfa4f6c988b03264b6d6569631f1823083b91d4fd277c9d3126d591b9934ed850a52bfa641efef840b55542d2286f9d712aaaa01607c302ab75e9d30155395a83c7c310a935fc5ea4654815dfb57a8a65a15e63e6ad13669d17895eeb51b528763e3f3c864871072f0e521f1afe67f95a4f2bf9c4ea31a9fa86aecd71135280495fde2fde6bf4e6b32077988db20f2aea1f0a50f866b663776d03b3d6347bf2dc6868683df29a492cb2d2f39c884120906bf3a8c501374b926849dfa8a74c56970b8353cb70771ec71a42ff55d455492be18375a53176bba3501af4393b415291790aabb061dc1a7e1d3145a4f7d1323172cc56bb106a0606c1e410d12ee0bad57f69ba7dd8526c3afa78edd390158dc7515f0c93102d856a37a1e460a4f02771be4e31448d24175715240000cbe21a502641cb7c9d312d90186dd7c30942f8e3007c4683c322857118e351b0c8aa832f104f6ef925675e5f68bc83a23f9aeea1597cc3a844e349b7907c36f6db86b892a450b7451d4fd39b5d362adcba1d666e39708e41e5fadfe62f9bafe76b8b8d567352488c10918dfa04500019b310be6ebf6093af9eee49e1a88328eeebd7eec89c2bc49ac57f6fa85badc5ab734ef4ea0f811db2994699f3533463e1d07f98c821694a75e9e38b2b704c58aaaa52992095ac286b8955a4f8f4c826d7a6c477c282c6fcd509b7bfd2f541b2a486090fb37c4bfc7251282f4cd11c4d0a3aee08072d62c8228aa3db20501b741d294cad9218231268314abc70b2f5e9814ab2c23afe3810bfd02694c557ac246e3638d2abdadcddd94eb716f2b45321f86443c5c7d2323482cf344fcc98d4adb79890a83b2ea10ad47fcf58c74f9afdd91634f40b5b9b6bd816e6ce64b8b77fb32c4c197f0c3485438aacdce4557ae10aa830a5bc5569fd78ab636c55bfd58aae518aaa0c55cdbe2ad1c55c3c3155dbe2ab875c50df7c50bd478e2aa9fb38ab13f7ca5bc077b62a5ba62c5d4c52dfebc0101d5ed8692b76c2ab81c8d2b5f3c2aeae2875714bbe58da1ac52b87cf1571a536c55d850edb150eae2aec55deddb1575698aae0315b56b6b3b9bc93d3b58cc8ddc8e83e67a615b651a76871e9ebebce44b77d88fb295f0af53ef9311604a3e11e992cfbfbe58c5a92eb9b5074c970aa22dc0eb912aa1295958fb6482a2200c23a1d878644aa223141815b2682b8ab11f3bf9cad3ca962246a497f3d45b407a50024b1f61d72718d957c65e6cff009c8ff3b6a17b2fe8cbafabdb23b05a5406152010a8569f79ccd18d343aa37ca1f9dfe6cbb545d4a44bb8c37efc55d5c83d855997ef5c4e2b5dba3d8b5cfcbad33f347c926eace48ee44bfe9363c3e096198295607a51abb32f439aecd8817330ea0c0eef99a2d3353f2b6ab368fab42f6f7b6afc248dc153ecc01ec7b6693340c4eef4f832098b059ee8da87d904ec466210e4b36d3efc3056afc4321c9590437a28a0d00ff338a76457d603ee5a84f4ae0a2b4da4ee953cf98f6dc8c4292d48eb2ad40f886e7e59262be279d0547c49dfc46146cbee1639630c38a9ee09eb8a41dd269592dab4a505683b7d18b648db14d7f598c298c30351fab2d02d8861571a8992b4278d72d116a91421959cd694f9e58d4aa89ca95c58a21506dc76180a5d35b35c2850e5141058af5f96408b67134aec3880bd86483129de81a0dbde249ae6b527d57cb5a790f75337fbb9874893c4b11434cccc184c8df475baad4700a1cd8d79d7ce979e6b90868d6df4f89cfa1128a395150bccf7a0e83a0cdd4621d1f9bcf6f4d7fd5ccb01ac9dd23ba15c8929a50b4bfbcb097d5b590a1ee07d934f11949dd4321d37cf9a4dd4c2d751ff00459fecfaa37898fcfb65462cc16551719144913892261556520823e8c8532550a0d3b1c0421c51836dd310b4d329c92d2971a9a76c8a1705a6d81503e66b317ba1dca91568d7d64a75e519e5fab0a4a79e49f42e74c85a3a83c46e09afebc36514cde35ba828637e6bfcb20a8c6d0a82ee091bd39d7d193b13ba93f3feb8f0a09442401402ddfa11df229b57f4580a8d81ed8aaf1083d453dc63486feaec3753b7be2abc40e76eb812bfeae7b571421a5b761d06d90215574cbfbfd2a51369f72f6d2f7e07e13f353b1c0acef49fcc67a2c5ae5b57b7d6ad86ff00368cff00c6a71634cd6c750b1d4e213d85c24f177e0771f30771f48c148458c015517f1c92b676c52d1c55c062add3b6285c3ae295e3a62ae277ae2ae38ab80a62aa800a57162b8578fbe2ae037af4c5578c55569b62ac44104e52dcdd457021bda9be215ac296f63fc31438e2ad57db156b0a5ba6d8ab60646d5dc463686f02ade9920aeaf8e14b78abbb6f8a1d4c52ec55de18a1de18ab62a4803a9e83be294eec341770b3dfd638faac23edb7cfc064c4581932ab3b78e08c2c481107450283274c2dd74c46c3efc9054349bad07df9354153837373c507566341f79c2ad8d62dd015b7e57520db8c0bcc7fc11a20fa5b052a837e92bc60ace2c616dcac5fbc9987bb9f857fd883f3c4d2a79696eb6d0470a548514f88963e3b93be409545a8005702a85d5c456f0bcf70c120854bc8e7601577eb8d5abe37fcf6fcc196ee5b8304845dea2ad0da2834305803466f63291c47b57c733b1c15f34c8b5a91994a9b7966ebea77ea1f68a5a2b1f03d8e255f4c7e4c79bae743d721d26672749d51c452213b473b0f8245f0df66f1cc4cd1bdc246ef6cf38f947cb3e6d816d7cc5649712467f757487d2b988f4f81d7f51db3065112d8b663cb3c66e25e3ba9fe4adfd817b8f2cea097d683716977fb8b951da9200636ff0065c33072e881de25dd61ed4fe7863ed6fa968d75f55d4eda4b4b95ff0075ca2955f1041208f91cd5e5c328737738b510c82e2538b5bb25412db7be63d3904829aa5cad06e4ed86d8d2e8ee5918f06d8e00cc8b54fac50d4f4fbb0dad585e97b20a153cd46ebbee30b518d29cfa90652b41c8763b62ca21896b1adf10caa4f21e1d32516d2184ea176d70fb8fa6b99510d064824ad68464dc72ae94a12ddb0150aaa6bd3a64496548a8d36a9fa060544aa1e3c9bf0c5538d1b44b7ba825d6f5a94da796ac8ffa54fb8699fb4315372c7a123a7cf333061332ebb55a8f0c50e6c6fcd1e69b9f32ccb0c482cb41b5f86c34d8fe14441d0b01d58f8e6ea10a14e849b3658adc27503a664445312c7efd80240e832d25a88dd2692b237151524d06544b6da03587fd1d0983fe3ea41f17f920f6f9e5654ecc54212c4e0609ae8baeeada54c059cecb17ed42df1467fd89fe18d2433ed3bcff006121116a919b67341eaafc51fd3dc7e391a660b2bb5bbb6be41359cc93447f6a360c3f0c8526d10c3ae452b4c7bd474c6d5aa6045af7512dbbc4c2aac0a9f936c7084a5bf97177e834b60e7785da3a7faa48c9302f5a84075db7db6c890c574b60b2a74df14a5ffe97a7b7c0c4467aa9dd7ee386d6932b4d4e292827529beee9b8fbb0d2a6f6e609d3944eaff2eb5f9646884353213b6369558226e8e3e58d2a2c463b2edf2c348b519ed95c13c684f71b644848296496c55ba75c81096d50d299142a413ddd8ccb73672b4332f474343f4f8e2acd744fcc45056df5d8cf5a0bc886ff00ecd3f8afdd8b13167b69736d7b0adc59cc93c0db8923351f4f81f9e285738a56d3156f1576285d8a578c55c462ad78e2ab850e2aa8b4c58aec55b18aae5ebef8aaad3e1c55896ddbeeca1b5af9ed8593a982d01d4c36adef8aecde0a43476c212edbbe2ad56a683143be78a5bda9890ad13be3486f0d2bbf5629762aeed8ab78ab4702ba9855156561757efc2dd2aa3ed487645f99c205b12c96c34db4d3c83fdf5d77958743fe48ed96c62c0947124b54f7deb965211b1b5470f1ef90550ba921802b4cd4aec8805598fb01b9c9054ae7b8b9958283f568cff280d27de6a07dc724152e923b6f51d64532c9da498995bfe18903e8c95aa210b315036514d874a646d532b742ee82bb0c05535029ede19055f5a0f73d31578ffe72f9e6db49d3ee34c59296f028935064346624d12153fcce76f9664638abe28f32ea375ac5ecfa8de505c5c1fb03eca20d9517d946d99b1149218e186b5c9a85f0c5c48a0dfb6297ac790b519a7b8b48d01379049198c0dcbd1871a7bd731f21a0901f694b1d95d5aac97b1b25cf052c41e243d371b7be69259c06718b04d53cc1159ccda62bb2dcb6f12483e1703af16e87df2dc7944b926502178b55f30e986cb59b65986fc49fb4bd29c0fecd3db2e9444b9b18ce50371d9e6daf795750f2eca658b95c69bfefc1bb475e81e8003f31f4e69f51a42378bd16975c27b4b9a0adee6a002763ef9adaa772256ae67a6c0d477a9c8b31bb6f77c78ab1af2341e036277fbb1e4b456b5c94dd0fd3d0e1625037776cca7e2ad3af62324c4161faa5cc9522b5f0f1cb22c89149234bcf7df7eb9900b8d20a882a2b5c36c0056a120505477c8db600885029b8df05a691d1a85a007e9c509be89a3cbaeea3169d0388a221a4b9b83f6628231c9dcfc874f7cbf0e333957471b5197c28d9e694f9dbccb1eb779168ba3030f9634cfdc584036f5594ef33f8b3139be8440141e60c8c8d9e69659f93bcc9776f7570b1d3d0ab18995d155078b950bf472ae1f14724986d658c5c4922060c28c2a3db32212b0d67663b764c8c6bd7244b585d0c69a7db36a3280663516c87c7f9be8ed9592da030ebf696eee1a490d5d8ee723cd8942bdb704a9c9a1bb583ab1fd5902aa17637a0c8db12a7637fa869b37ad633bc2fdf81a03f31d0e36b6cef45fcc598718359839af4fac43b37d2bfd303312675a7ea361a9c5eae9f70b2af74e8e3d883be0a4828a615352287be4692b4b71041ef8a58a797ee7ea9e67be4534533bfe0d858bdb74f94c90ab03bd3016149e5bf19003df1295d75602453b576c4212292cdeddcb28f877ae1b656a425789c3212a3bd36c4154f2c75367012602514fb5d187f5c683129dc0d6f27d97e34fd892a0ede07a1c6908e581c0e416a3b914236f718421bf4d597e21f4e2550d2da83b536f03be4195a0a6b2a6e361e191212a5f56c8528286b8b43bb28c8adafd2355d4749b8f52ca7685bb81f65bfd653b1c2169e89a579f6de5e31eb117a0fff002d3102d1fcd93a8fa2b8698d32e8a586e2359ede459607dd2442194fd23021777c52d8c5570c55757156eb8ab5df156c0c555946d8b15d4c55b03155ea37c55569b62ac3be794b7d375a7cf1453b7c534e14c4b16ff560576492eeb8aba83c7021c00ed8a5c2bdfa60571c92b54c6d5dd062adf6c50d03b818a5bebd46056d54920015276006e6b8aa676ba15e5c50c83d153d9b773fec474fa726031253ab7f2dd946395c06908de84d3f01921163c49d431c31c3e9c481100f8500a0193a63694307176cbdbb8c9aab4d3c16e544b2aaed5e35f8fe4146e7eec556c9a8cc5696c8231da5986ff4203ff1223052aad9c156f5e52d24edf6a57a1623da9b01f2c49551bc1472d4e9e1ed842a432f2f57957be58a8cb672295ec07e2322553cd39791e5d8027efc8154c283a9e9e191563be71f345b79634b92e5dd7eb8e088509a000024b1af4032708d943e23f39799ee7cdfac3b891df4c81d9e3249fdec87aca47bf45f0199f1141b22181ea4bca665036cba3b20a07d0dab4c91a50be0b56661b57c32b25356cf3ca5a6dd1ba89adc98ee10878dc6c4329a8a663cc82c807d51e58d5eff0059b00972c3ebe8aa27076248fda15f1cd564c1dca25482f37e9b30b35b9307a8d0b87e54dd7c48ca31603195b719822935f28ea915f5b2abff0078bb1ccf2e3909eeaba5c1776edcd79ed5a57fa83fab1402f12f31797a5d16e999149b67a9475042d452a0540df7e9f766bb53a5fe28bbed1eb7f8649209d4d181f80f52334c46ef420ecb666675a27da53c97e637c14cc1d95239cb0fde250f423fb70d34142def06fde1da9dbf8605b6377891bc876fbb2613ba5cf6a6a420eb9689302b042d1b6eb53d76f0c36b611b1aaf00581e44d3a624a28abac3c4529f6b6a7b1c892cd16b090695000ebf2c2ac835491bcbbf9713dc4358effcd173f56475d9858dbd79d3a10189a1f9e6eb4b0a0f31aeca6592bb9e5cd2889437ed6d4cd9c62ebadbd43cd5ae5cdba594da85c1b48c05484cae63017a0009a5063c0026d256b8322f294d49db2428210696c259b91fb2376f9636a23652fd599a66e03651b01d80c8b6d524d1d8b33134f964c06a3ba85c5b6fc694c64c405a62f4a3cad3496cb1976c0a56ada13520628554b46daa312101176cb736b22cd6eed1483a3a120fe1914b34d1fce172a560d593d588ec6e1451c7cc77fa30b265c8d14d0a5d44e1ad9d7907ff00271a5615a5d5f5b37007f7b233ff00c11272297b8e82795bad7c305a0b24b752b42bf86042731a1917953a8c2c6d077d600a9603aed8558b5e40c8f4c1c92d5ab3231232482ca74de32a857dcf8e054d7eab220ac2c569e0698da14e4d42e616aca04a07661b8f91c2aa905fd9dcb0457f4a43fb2fd2b5f1c14a889223b57a1e87aed80aa81b4efd8f4c0cad4ded81142287f0c1484b2eb4d916b2a0fbb2b21982dda1afc120a30c902829bd8ea7a8e8527d62c64a464832c0d531bfcc76f98c8963cde81a0f98b4ff0030447eacde9de462b3d9b91cd7dc7f32fb8c54a6ddf02ae1be2ab81c55bf7c55a3db155c31557518b15d8aae18aaf5ebed8aaaf6c55870a57286eddc40f0c421dda98a5adc62aeae156fb7be1438fbe296bbe2ad8c0876e36ed8d25d855d535c14ae35db0ab58abb154c34fd2aeb50354fddc00fc52b74ff00623b9c205b1269955868b6f68b5897e3ef2b6ee7fcfdb2c018128b0551f820a01d4f527254853b8bc8213c249141ebc46eff00f022a70d154149aab2a9f4a2e2bfefc98f11f428a9fbe9878552c92f1e74324d33c81ba247fba5dbc78ee7efc92ad86571416d02c60fda2052b5f123738aa3a0b79e575676f847603012a9bd0470d06c7a64152bbc9281b7ef962a5320a9af7eff004615558767a74a53f5615647a4d0c721f0a57ee3951559ad6b169a2583dfdd1e9b4518fb4cfd80c40b57c79f9b1e7fbcf336a371a7c12130722b75229f84d0ff0074b4fd91fb5e2733e10a6510181595b0485c81db2c259a5ada1de5dca59233c6bd699205870da361f29dcb539a1afcb0192680641a77931b92964a0ca8c993d0fcb5e591673c5270fb2413b65122825ea36f60d61788f0fc0c06cc3b822bf7646ac35b2659e0bd85adee5424c47c487a11e23c72a2152db7d2edaca72f6c380ad4d316569e2ca3d31c88a74a5457072431ad7f4fb5d42192d645251f72cb4e4083b1068771d7249069e23aedacda56a12d9c8a001bab7665f11d3353abc15ea0f49a0d4f10e12808ee684163b8e99a9a774510b74ad5af527a76df0d302869d95c328dcf63d2b8152e9632ef4a8af861b5507b1775aa36fef86d16af169d44f896b5c9828ea8a8f4ef8782aec3634df012cad5459ac67e33dbe9c8f11487083d35760a6b434fa06d9386f20c724aa24aff00cdeb916faae95e5a8c1f4742b186ddebd3eb12289253f3dc674f8a3b078c91b912f2dba94b3501ad332c1a600206552db9ef912556fa66956e8322b49898a15b288462aee19e56f7a9007d032643645269ad79b7f661886322b3ea4112bdf2c6095cf6c7d426994494206e53f640df20943259f235c2c519158edf670d2a2574f248db15574d36bdb2294426966b4e3be2b69bdbdbde8b5fa9248e2d9bac63a1af5c094c347f2edc3deabaafc2bbd7025eafa5593dbc4aa6bb0df03025935a2295a7876fa30b1b4e2dd28a36db22aab34155351b1c2158ceaf6017e202aa7be1a4829144a565e3ef812c834d3461dc6d858328b6219687ad36c16ad5cdaabaf415c558cdfd918d8b2541ea30a54ecb57bab390273e71d7746dc6df3c6ed1c2c86d753b3bca063e8b9ec775a81fc71a546c96cc07251c93f994d47f9ef914ac5803edfab15519f4f8e8580a30fda1b1c890a95b4ee58c27707b9c894a12382e20bc5b9b4768e58cd44c84a143f3190a4ecccac7ce7aa5a44aba82c578bda624c6e47b90287eec931a64ba3f9ab49d5e416f1b9b7bc6fb304b4f88ff0090c366fd78d23927bd0d0e05b76296f1570c551098b154a62ab80c55728df1555fd938ab0d007d3e3945b712eaed88435f4e492ea1ebdf05a1ba7860b56f24ad629762add31568ef815c70aba8286b8aab436f3dc50411b3fb81b7de76c404724741a15e4a47368e307ad4f23f728fe392e145a6b6be5ab781d5ee1ccec3a474e2bf48eb921147127e238ada3e6f445515a9a0551fc3241820db5984822d94cca36f507c31d7fd63d7fd88393e154ba7b99dc12efc54ff00bae2f847d27763f864aa950d232451911a85e5f688ebf7f5c2a976a57a2465543b7718d2aa5b27a90850482bdba1c0a9adbc1b20de9fe75c553585028a640ab53bfc3842a4f74f5241efdf24a84ea687ad361f3c92ab449b935a1c1684e74890091e2634e6053e63fb32324bc3bf3c3ce57113cb656b215762d6f6a54d382803d5907bee157e79918a3b5a40b7ce6b6f2cb22ac6a589ec3739925b43d43c93f97d75a8209af23222ea148eb98f29a0967727912dadd28b10141e1838985a08f9592335e1f0f6db256c6d1f6da02a1fb1f86449564165a52a703c7212564b7567cace399451914027fd5dbf5608aba3b74bb8373c654155615afe1890a87482f7eb42d9a444465eae09a32d6a43291b1c8d2519fa26f1810258cb0e9566155ff9167f5e4695457cbb772b12f7488075e2ccdf47d95c690c1ff31bc91149a25eeb22ebd5bdd3a132430c4a54101872e64924d16bb0190c90e28972f4d9783202f0c17638915fa739d31a2f660d8b548f5041d4f33d47f4c810a5c6fc92a6bf11e89da991210b1a504f204fb9ae054424d3504940d0f86dca9edd3142ac577f0aba3958d761bee4fd20e0b091128eb7799918a49cbd43521802c08f714c368a45ac482a0966940040ec3c712c822f4db459755d3a16af19aeadd4ed5d8cab5cbb4fbe40d1aa3588fb9857e67cef3f9db5c9a46e721bb9457e47881f40033a88ec1e3f9b042841a9dce596ad70af5c8a52dbcb8695c5adaefbd249076a76cb6018929ec31d2ca314de996116cc28470969294c900c49569ed471d86c06464580492eadf8d4e504b24a24b62efb0dfbe44aa3adb4e269b6045a6f0e960a01c7e9c34a1171e9551d30d2a2a2d1c9aed8aa636fa133d084fa4e2c6d3fb0f2e01c4c8bb644a6d90d9e9715b9aa8a1c08b4d923a01fab005465a315907861416496e85a307c2980aa3562e480f86d4c0a94ea169552a47c3924311bab468656e3b2d4d31a4928cb07a301fb5e18696d95d930d81c14847b221ad77f6c8aa537f6bc81db085627736af149c8f6c05905f67200dc4f51854b20b296e116b13953d3af5c95b1478d424535b8843ff94bf09c02955beb569740a47271929b23ec7a7407a6262b697bd8b89d50d54b1ebe0077cae995a265862862e0a005fd67df15492ec510991b8c4bb924d280656536905b5c5eeb571e9e851f1b34e9aa4c1d622ea7fdd54a1623c6a062125ea9a579dcda08acbcc0ac400106a51a965a814fde28a9dfc4636c38766696d716f77025d5a4a9716cff006268d83a1fa4628543ed8aae5c52ad1e2c5597a62abe98aae14c5578fb27156183e794372e35c2ad5314d3ab8d317600ad8eb92571a6d8a5dd7157628777c55116963717f27a76e9ca9f698ecabf33840b53b27d0e8d67662b28fac4fdcb7d81f25feb931160648c4b79a62028a47d940fe1d324c5314821b442f2b007f998d00c550571aa2071f575e47bbbd42fd03a9c988aa07e3bb995ee9cdc1ea397f76bfeaa0dbefc9725444e3a62a80965f888f0c552dbcbb2a8003b9afebc4269011c6f33f23d3ae150c86ce10b1fe18109a46b434a62a8ba7114ef95aa85cb5053efc90549ae0d5baf4c92a942a4b7ce9925472aec0e455513e1a30d8f5a8f1c2879979d7f2b22f356a515e3de148a2e47d155a12643c8d4ef96c674c81a53d23f2974dd39d0888311d59b7380cd264f4dd2fcbf6ba7da00a80785329258a0b50b589895a50e4c2a4c34f5671b77db26aaf2e9a12840eb5fd58daaa5bda0046db602a9e456eaf6ad1b0aa9fd795deea91a136770f13f4aec7d8e5bcc2a26ed3eb3199611ca64a1507f6857a572b541c1a84b2b28ad180d97bfbfd39342b4a2fa456301251882d5eb5192d950bfa365b9568eeaad0caad14aac3f62405483f7e3cd5f25ebb0368dacea1a4cc68d6b7124153e08c40fbc673da8854decb49938f182967abc0f356ebb75db28a720cad4ff00483dbbb48cfc94d3e8c78516aa35b52bd7e8ca886ca4441adc9282918a152548f0a0ff003db0114a2369959067994c8e595854834ebf474c045a6d94594712b86415402841048e446f5e9db20c2ca284c12760c9c558a80541d9a836a75ef8084c53bd0380d634e7642185d5bd0b6df0fa82bf8e5fa7fada3543f767dcf35fcc68bfe773d646e7fd2e6d89af491bd8674b0e4f275b309ba922839348e1140ad4e5b4a86582eefe32515a2b63d18ecee3d8761920298a36db484852bc683ae4815a5496411c4107614cbc0b55da7a7a8f538792094ca4b6aa134df2b92a43a85b1534f1ca19520ed74f2f274f7c0821905a69648145e98509d5be9351d315b47c5a3a8a1a6d8516995be929b1a6d5c8992293286c513a2ff4c8da947242140a60250880aa056981952a10282982d55ed97932fcf2568653649440a7a6028099aa0f4c91d7fb314152b8b7f514823b6d8558b5fd8950411be1549951a0985366076f964959369b2732b5ebdfe9c0509d18c115aede1914a167889a9ad4e369482fad39d76dc9eb85524920781aa46d5a03ef8a6935b0b9d82934f1fa71218a72aab2c637df02da4ee0c776108db98fd7d70a5388a698a4cd04b478dcaa070194ad2a41ae498a125d5e095d61bb1f57948a035f80b7cfb644c7b920b0fd75a6f326bcbe56b6263d3ed692eaf32ec4a9fb3103fe577f6caeb76639337b65b6b58d6d6040b6f1a844451450aa28001906282bdb958c9451cb91a50e02cc2be8b7cfe5699e7d37e08663cee6cea7d19189a93c6a68c6bd462c4866367f989a24f45ba8e6b57ee4812203f35dff000c168a2ca2cef2d350845cd8ce97101fdb8daa01f03dc1f638508d4eb4c555d462854c55b518aaa53e13869585807c731dbaddef853b354af7c50d6155c7156ff562ae23143b14aa436f35d4822810c921eca3f5e284f2d3cb1296437920552778e3dda805695e8325c28e264b15ac56f02c36d18551d157a7cc9ef936b2567d511499676002f524d147d3855426d5238fe0b34e5ff1636cbf40ea72423dea97c9234a4cb3bf37f12761f2193542730ec698aa2e10b18f7f6c554aeee40077df1549e5b83bd0e1a4a058b4aca0f415ad3aee702533b1836a91d87df8b14eadd00514e98aa3a14a9e446de1912a8923a93f2c8aa5b76dbb0ebdb26152b90f262078d324aaf04541befb75c0aae7a6ddbb62ab4b76f0c50b3626b86d2898684e054c1dc7a20641525b90198f81272c0a8054a38392b5465c01e9a9f6fd7915528c82db74afeac9142756abce3651d0d295ca8a522d76d6a3d55d88d8f8e5b12a81d36e0f368cec69864155af34da49f5ab7d95c866001d9bb9dbc7002abacf5108de84ff00686c0f8e48842685edc824d083db214af90ff39ed85b7e60eb600e02e1a3b94ec38c91af4fa41cd6eac6ef49d9d3f4179c09ddc05e4683ae60757676a2cf2393bfc00eff003c9531b41bdc48adfbb6a37cbfae4699dda6da7f31c582f276356f12de3b64086c0592e9cb712392033464528f4a0fc41caca789966912f2568d9293ec412762a3a1ae556a6299c514d2cc276a1543bc647135a6c7bec0e459009dc55e503455578dfeb11b9de8d18a814dfa9393c66a56d5947144879ffe6d1b91e70bd7d36c669a7bd58ee555559939cf1abb5186c4035e99d562f5079198a34c6b44fcbed5ef5d6ff568db954154714443f23df2db01aed95c9e5d8eda120ad1976232264c6d22be8a386ddd4751b64a3b964c42f26a3115e9b666c79304cb45f880ef9128b65096bc9361944920a4da8d90e5b0cadb16699655946dd72282cbacf4e5e236f9e1b605368ac5553a5312c6dde9aa9e3f464094d23a0868a32295711ef4fc70aa204469bed8ab88f8771815b5504803a62a98d8c5575dba6218964b6a94e3b6d4c284c952aa40c5553802081d29d7e78a52ad4ac7d45614c210c56eadd93ed8a53c7db26946696fc4d0f53be043228a4a800d0e4695b9555976ed5c0a809adaab423a629492f6d015e8682a48f734c2b6952831b8a76c3694eed677014374a62c5748a8f2ac87f64f238d2ba2f803296a19056beedbe4c218ceb00cf726de5ec00247b9041fc305a4237cbf0bdc4daa6a9c5425ede4a4ca06ec61a44771db929ca4b24ea543150f6f1ae454209c349202474dc1c059295e48cca457dbe7912a125943a579f53d7033b40e93e6bd4f40d65dec67319a8054fc48cbdc32f43920c651b7b5f94ff3234ad7645d3eff008d86aa40e019a90cd5fe463d0ff9270b490433c5046ddf02aa0c557018aaaf6c92b0715cc76f21ba9ef818adae492dd2bd705ab75ea3156c634adf6a9e98509858e8f757a0385f4e1da8eddebfca3be1014966763a741630886040bfccddc9f127261ac9b56f8525e52305891496268a2a76ea7248425c6ae9529669cc834f51fe15fa0753921154b6569ae1b95c397237a7403e4324aef4abbfdd8554a48b602bd7155a96f4ea37f6c55739089d6bfd98aa517521776a1f6a7cb14a008353b5714f244c11060186f403efc5169adb25177f1c5099c0395076eb80aa3a31b641555c714c5527ba6a93fe7d32615011a12791e8492324a8f89760302ae74a0af4c554c2035c5561a03b0a9c555a12d51514df02a2a7900037c002a5ac79508ebd724aa0c9b83e18557cdbc3c6b4e9f8d302146014723c09fd7922529b5b4b4000f1afdd90559aac2244341b95e5f7631561c5bd0b9aee0b65fcd593d94a258429ee07e23292a81bfd316405d68afdbb6580a1246bcb9b46314d5e236ae4d5e39f9dfa03ea705bf9a2c179dc59afd5ef95773e813557dbf94d41f63985a9c7c51d9d9e833f04e8f57852a942c7b5734ef46563ab229a1dabb62c291169a37d63e29410684835a6f434c8db700c874dd34c4ea8365e35507735f983d2990b644324b5b38e2995a5978d2a09240ed5e9959484c6d2cf8dc2240bca2203b006957dc0009ca929e5b4b1acca4a905b92af21b5071ad7e93db024f25f23bdadd2951cedde84953ba8277a788ef8a2d97f97bcc547fd1b70a9f5720456976e14b46e7a0e5bd50d69ed9b7d36a6bd32749acd1890e38f340eb37170f3c8b22f064aaccb4a508edb66d6dd100430fd618ac25e9b81438425e71a9cac5d949db727e815cbe1cd4b07bbb805fdc9ccc3b06b2c93cbdf128a6e2b9548a4067b6d10651b6f9412ca946f6c43a96a6576c8140d8da98e6029435fc305a965d6510e20537a620b0a4c3d3a26fd2980950974a839d7df20a8eb7dd17d8614a2235ab0ae2a8a2b4534eb4a628b5171b6290dc484b7e14c529e58c34f7f7c34c0a7b6cbdfbe2829828a0a77c56d5a34a8df6c52b26883262863faad802acc16b515c36a9559c4611bed43b64d53547208a74eb9142bacd5014e2aac1430af6ea302a5d730021c52a69b62c92796c473515ad4ef850d2afa6d4a77a0c34a8a2bc9446bb34878293ef850a5a890bf0aaf109b023a5064958fdc48a59ef243f0400b93fe4a558e03b3209f79422920d1e1b5b9431fa9ca60add4198990d7c0926b98dcd2517791c90b7f3467e9c8948425005a83d7a8c0c90ae15987b62c77426a70a084c9d1a9d312c83cf6e0ab5dbca87f688047b60669a5b225f47c43709d378dab420ff6e48317b17e5d79f2536f6fa4f9826ad5cdbdb5d4bf695d00f81c9edbec727cda08a2f5951bd0e45570eb815528687156114ca1bada38421c077c4aaef7c8a5a03c7a64955618a59e458a152f236caa3ae10acab4cf2d470959efe92ca37110fb00fbf89c980c0c93d93d389158edc48db6f039301825977a9dc03c626118f151c9bfe09b6fc32c110a856324a54cac59854d5f7353fd30ab6102d6b8ab45b7a76c55cad518ab6d4afc8571559ca82b8aa5f712d4d2bd49fd6062a977224b57dea7e9c52e11730c4786f8a57c7ca37db6ad07dd85169c40432ab0efdb02131b7a82322551b10a9df22abee28a98aa4939ab1193558a828011855110a6e3db155f3906806fe3815a58bf7753f7636aa4cbe030aaa46a7ae2aa5752711b9df7c550a8f5a0ea40c5579debf40a62ad91c9294a6e2a71542a82b2eddc9fd78aa2a09486f6ed8aa6338f52dd1cf55d8f850e455866ad0186e03d3e13dfe79744aa61a55c7c0141de94a7cb2242a67270623c69d71084af51b149473a7ce83260ab1bd434a54425a2135ac80aba762a7620e1e69e4f987cf5e509bcada9334084e9572c5ad25ebc49dcc66bdc7eacd4ea70709b0f45a3d4f18e13cd8a5bbbbc85255a81d0f6cd73b70053238a2660813a1d81e83a77a0df02026d045c155e402aa02f1f1e836c043206d30b7b604999141507627ed6f5a134e84663924b7009a59cc21665b869038653c88146a0201af4efd2b8db1211f01676760df6599d514541ad0753e34c9586251514727c20d3d66afa6dd402bb8fc06442dd226d9f9c7e9ba055008ff24354d457f564e3b90c67544b33d6744bcb6d034fd5ae4729fd158ef5456a053f765bdc56873a4c62a21e3b348199a799f9824a5bc94141fc72c0d6f2dd72610dbdc4b5a10a147cd8e64e3496032cc59c665db5339f2d0aa2663c8b63d0ac05540fa3282c4a62f6c1d699525002c99662c07cb0828369dda2536e9418508d3ba807a602a12abb5a3501fbb20c91364c683e5853499c2942588f6c5895565a8d875e831552906d4ed85792bdaa729003d3156416509e35ed858da6d0a81da981518801a57a118a110836a118b2715076fbb1543dcdb868c9a54e2a914d67f1554788392b636a6e3d3a8ee0d057db0a50eb21e741d7be2a99c72858c57e5912adc91fa881977efb60b508330a56adb1a1a7cfa0c52973404cff00ea9c2a5548e1382d5e11216ff64761faf261086d4286dcb0eadb0fc724849af2c19f4f4b200892fe686d36ebfbd7f8cfd0818e465c990e6cba7500974017c4662a56975963e2d43e2714a53328562b5a7f0c149b28523c315b4b758949b7201dc8a0c098bcf00649650dfcc48fa710d85ab7d51ad2fe35afdaf84fc8e4e2c4b305bb826b672e68f675b9e43a1460233f7123254c1ee9f96de6b4f31e8ab0ccfcf50b20ab213d5e23b23ff038b49d99ae04aa76c14ac1b6ca1bcae06a3031774c42b74ef853698e93a636a32d0d442bf68ff0c9008259a59d85b59ad218950f4240dc8f7393a6b25166836fc3bd70a12bd42e3e2e3d02edf4e5910a96afa72381f49ef96215cb0153914ad66f1c55499a876c55729db156998f23f2fe38aa16590d2a3a9c552d77aee7a7f6e29525527e58a7644c4151283c37c50a8f175a0deb8a11568c41e04ffb78aa711529ef912a8d806d9155b786887c69842a49235189fa29935548f7a78ed8aa3634012a722550ccc1a41e0324a8be20a01db2b550751db26154cbf04a570aa597d354d2bd7148528a43c8773b62b48ae637dfb8fc7142a03503bd48c554586e0d6b8aa8fabf1835a54ff1c553c46f5602be2bb644ab1dd621e7172e8577fc3260aa57653147e27bed922ac85195955cf4eff3dbc722aaa78ba9037f9e14209225f51ade500abd78f85726ac3fcf5e4683cc1a45ce9cca02cc2b0c9de39403c587c8fe1919012145b71e4309587c8b359cd63a95c69f76385e5a48f0cc9d29246dc48fc3341961c32a7afc13138829d59fd8e66a48e86a7f0cc624b91499c5703d4503e20c373b0200df7ad3224b3886431b37a2ce4853c6bb1037e836c852ecd7a95887ef010a181e5dfb8e9e34c3416d1b60afca21f10d995abd3a72fc0ed912a4a7f147436a0b72f4dbe33d0fd9236a74ae16a4f7cb9a3a6afafc16cabfe83097b9baa7d9291bfc2bfec9b6f96666971f14add7eb337063aeaf5d9ede2bc865b5b85e504ca51d7d8e6fc3cb5be6ef3e58cfa2dddc69b20a180d14f6643ba9fbb10376d1bbc57cd73f1b68a3aef2c858fc907f6e66620a4b09673cfe9cc82d6f42f2b92634fa33124cc0d9e8da77d953ef949427310e7fc720b6ac9082c36ebdf0255d10231a787e38ad2f6fb407df8116965c0ac95a60b6489b2500807aff005c506d326d8704dcf53850af401457a9c54a93afc436f7c528db2415ad0570862590da4748c57b8ae284728db7c508c8c6c00ee314d225576ae2b6df1a9dfc4e2b6d98c3c646294aae2354624f6c2c5259cf263f79a78e1654a0aa5487a75de98aabab90a076ea7e9c0508ab66e2d43ba914fa702aa5dc4aa7c076a78e2901050db177e47a6fbe10a541eaa643d9e40bf70aff001cb0210b7f1d42a8ee6a72485f05afabad69b11fb16914da8480ff0039fdc47fadf2a9950364caed78b1a7d15ca5925324de91affb59064105248092d85921c3f2a8e84743d322a96ea1f1550f4a7538a4310d462896462bb53c3164c635205655993aa9ad71052ad6babf29516627d160639878c726cdf765a0b02199fe5a79c66f2c79a545cb52df9882e457e1311343fd46595b35c83eb6521a8c8432b005587420ee0e534c1529f09c5583d331edbadc2b5c50edeb859a26cace5be9d6de1d89dddfb2a8ea4e205b0259d699671db44163148c50278903b9f9e5cd64a614ad462851b990411b49fb74a2fcce10a9448578d0ad0927f1cb421442050c47ed1a0f9612ab04803f03f7e04aa3aed5c550d256951d86f8aac5980207f9ed8ab6ef456f962a85735500f5dbae29427126a4f41d062ae000151f3c55557f0db14a2e3a90e5ba9c58ab449b03de95fbf154d2dc6f43dbfa602a98c40007e4320a84be6f848f0c215283bb57c326a89b7425860545c9f04647b74c8aa05777a9c9aa350920f8644aac9680d462152fb99005f975fbf24a93dc49523dba9f7c52dc0e09a786d8aa611af2151edf862844229a03dc1ae2a8695c29dfa6df757154b8bfc4abd37fe271649fd837eec0f6180b1416a2b54907875c42b169cfa32bfcf26a9d41373b656a934201fb8e2a88b7735ebdb6184aaa5d2fc2b328a32906bf2df10a888e559a20695a8dc78e2af8eff3bec1748fccfbf95178dbdfc70dd851d4b3a706fc5335dab86f6f41d9d93d34c7b4dba8d89249551d0577cd510ee8493c84a05a2c7c88e83a93e15c8d26d3288cdf561272005555475deb403e8383857885aadafa428a6825e2dead761c9684f6fb864641224c861e1fb989c8007f2d3edd2a2b83876624ee9a4cd1a5babb51645f8937ec061a0d7765e91f96d60d0684352981fac6a4e6504f510a92107cbbe6fb4b0a8bcd6bb27164a1c833a44db7e9994eb9e37f9fda67a767a7eb51afdb26d273f21c909fc72516c83e52f38ca167b6887ecc65bfe08ff6667630893100c5e51e15cb2487a4f964d224cc693600f45d39a88bf865126349dc1d2a3c32b08b4742b5a1184ad2b14ad4f6c8aa9ba1e448e9b9c595a0265a48302a262508c1a9d3f5e2c7922e0a9a96ebd49c2921174ad298a3929815908dfe9c529b5943c47b9c2c5905ba506fe18aabb0e200e98a29130ee40ef8ada2b62315a5c0786285745e3017f0c59310d7f538ad830e546248c0540405839b98da43d1b615ee060b5b5f4a161d4ed92b4db9cd1aa0500a62128ab55f51b714248a7b5314226e3fd21846bd5bc305a2caacd1ac119a6cc075e9920a973c4a62446d9cfef0fccf6c92100559ee846dfb1515c95a7a2334df8aff0053bb3f651e3b18c8fe5b5405ff00e4a3b7dd951dd5bbb7af235ed90a4a457726f53b5361db20569299ae0231dfafecf860a6410e2e0ad58d462940de5e19a56e02880003e74df02698c6a32d4edb53a9c0c924b8757528dbfcf1a55216719452366c902876a51fa314179013ea2523b83ff1063f7533220505f5cfe53f99d7ccfe4eb1999ab7766a2da71dcf01446fa46df31919071d9ded4a6576960c2a728a6ed9df2c0aea1c2acabcb364560926714f5881bff22f41f49cb63b35c9942d294eded858b4ee062a859ff78429dc0c9c550524356e20d326aa537c242ff28fd78aa025ebc80c55131c9ce2f0ebd7c7154348c7e3f6ef8aa0f9127e5fd715552c7d2f734c52a55e55f618154b7dbfdac2ae6503a1ae2aa880107c003f7ed8a1583546f4049c551f080d514e98aa63026c7b74c8154725150ff9f4c0a97de9aec3dabf4e482a5aa2ac724a985b2746a74ef912aeb8a9a8ae21541109de9855503115f9e2aa53484d3c37c69528b990d78f6fecc2a964ae4827efc52a96a6a7a7cce294f6d93e1f73b6062a8c695f9edf71c2a97dc1da83a787df8aa05114c80fd34c5369dda1a003fce98a14eec722f4ee2b8158a6a002c876f027eef6c90546e9cfced9a9fb2057af634c34a8c81e8c0773b0dab9254c051a229e3810818e536d2153f609afcb25d15f357fce4e5b18bcc1a06b1feeabab49ad9a9dde0915d7f07398ba98dc5d9e827469e51a76a10a2d25200aec6be3e39a8945df89b2bd36ed78d19857afd07be5462436836995bdd8a284a7a2b21258d694f1fa09c810c80055e1901ba548eacb31fded763c81a8f96c0e04fb939138902217e2aa5b6dba2914e877c1d5404d74a865d4ee6dec79069ef1c4312a536e40863f255df2ec5032938d9f2084490fa0eca016b6d0db45088e1811638d39034540001b0f6cdf8d83c8c8d9b47460f7ebed858b0dfce1d31750fcbdd4db8d5ecbd3bb5a0dfe06a1fc0e239b289a2f843ce1372d5e440768d117e9e209fd79b1c699863f02fef07cf264b17a3f974d11457c331a4ce2f42b03b015de998e553e84d15687ae411699c3f607cb0d21148808dba0c0536a125472f95305250722d6415ed8295749fb2abf338542320145f99ef8aa27b5462abe08ead53e3e1dce1414eed23fb3b62c53c852807d18a55a75e240fbc628b5d6d4ad4f5c508c5fb3e38b25402bf3a628a5da8cab6b64493434ae2af19f31ea0d75a888c13456fe3916c013db1ba58ed4277e23f1c923644dbcc647503ecf8e0a5211e917335f0ec723c98ae9664b742cbd48341f3c20a846e8f0314f524eadf16fdabbe4924b57949098ebf6b63f2c58a0e5abd5d68028e9eca294fc32cbd94943d880af2dccfb2ad5d89fe58c163fab204da39aae90a574bb667149a78feb330e87d4b926563ff0d91a4a0f509025477f6c0cb9a43772823afbe416921bdb8024dba7715c8b34ba5bc0b40c773d29d30d240424b760934271a64955dd5eb4aefd302b19d4ee0db9a0ebef8da0a8c3a9bb200c3aec3025196b7cb23b5b4ec05b5cafa3293d013f65be86a1c9c79a1eb3ff0038f5e65934ff0033c9e5cb96a45788f005ec258aacbf79ae5d3dc5b44c517d43fb272a430707c0663d3753782951ba6591bc9803fdd03563fc32605a0966f005890220a05d80196d352bf2a6ddfbe155ace69ed8aade25893da9d7082aa4b1162493df244aa06ef6692a3a5053e58552e964d81e9bd698aaa4268a7e42b8ab532820b0eb4c552f6255fc41a62adf33c698ab9686b5c55de3f7ff000c536d0ea0e2b6a950054771dfb6f8a172efc7efafd38aa6967f1127be02a9bc71d16bdce41573121298aa5b7468f5f7fd5920aa11ad694c92a60838a50641545c5493842b95401809550665e47b6482a0e79857dea76fa30aa5770dc8d7b1c5297c8e3715c0944d85056bdc0a7df8aa7b0b5169f8fdf858aead4135aff99c550770390a1db627eee9f89c5506452871547d9ca4ec7a74afd18aaace3707a54107d81c0ac63565e27a6e01ed852de8af54653dea08f91af4c921300555fa6d5df26a8eb7600edd3df0210f791f26a5373d3e788578d7fce4268526a1f97f2ea41395c68b731dd21efe94958a4ebfeb03f464720b0e469e7c330f9774f476fb54e47c7a7cb34f214f4903bb22d39194c622de44db7f01d37caa4dc194c4970d4772a94e9415a53293bb30536b3b7f8e39e45f87b2afda2003de9b75c8b232b4c63b7e33b3934e51a9310a900963e3e206021412f48fcabd2e3bbd56eb58280ad9208617a7c224981a81b750a37f9e6cb490ea5d276864af487b122f4db6f1cd93a4574153f80c5528f39c0971e52d6e190d11ac67a93d3e1427f58c5239bf37bcc1319b57bb7ad419081f21b66cf1f2672414140c3db2458bd03cb8c7829f9662c9987a1e9a7607af6ca0a096416f52172ba54da22294e98a291c8071f0dab8150d27f2f7277c5690d3f15f88f6fa702ee14e0059431fb476c2cb9a3a314a6fb62844716040f1c5161176ea0103df7c28b4e2da86a3df142776885a98aab5d01c8e2ab6018a116bb8a0f0c592321459255007c381526f35dd08e09286800e83db0287846a57d5d48d0fc55eb92a6e65ba3969e3504fdafd5916a2c9ad2058cf334f80569ef8500a2e5708b45fb47c36c598dd0e144afc00ad5a95f1c690427d12882135eb4a6160973163254ee17e227e5fede2921093b08d1d8743b1fe39201888a0ae8c87479554912ddf1b68c8ebcae9c443f02712cf609ebc6882b18a46a02a7faabb0fc322c18eea8df13134c8536315bcb9a16f7ef8084a457afc57d590d0134e991290c7ee2ecb4cb4fb230866b4ce295f9e02abd69293beddb02a53ace9fead4815dbe9ae4694b129bd681bd3614653f64e4c22d0f7574caaaa0d2bd7e8c236433df2aeb0fa6f9b3cbbe644217d6921925a74e7137a32ff00c170e5f4e640de2c24fb9f9250bd7f77f6abdb8f8fdd94357460fb1db319bdb0a5c8551b9d80f738405655a6c02d60500027f68fbe5f10d64da6f17d907b9e9858afe7b57c3ae2ab4b72db0d2aaa3a85ff00638d2b68c0b003b9fd78aa03518e81d8752708549188d811b77ae495560aa9201db6d8e2aacca19283aff5c552e9d081523a53155066aa803155e187138aae07ad0540c55c08e83a506fef8ab7da98aaaa0a902bd3154d6c40ad7efc05539e55a28e801c82ac90d7af7c550376a69f7e482a843d403db24a8c66141bfcf2b55134df7c9ab64f15dbdb23d550134c14fb104e4d52c9a5ab7befb7cc629a4339ad3c29d7e63025032d6b5edb75f1c284658f63d2a0fe18aa750d786d8a152840c55425e94f0527f0c552d98f11e18aab5bc9c59457c7e5d2b8aa61351a307e5538ab1ed694152e077249f9e2a84d19b76aec79d3fe081c2a8cb89d518af2cb151365740b7b1c05519783f7625f0df0218ef9b34c4f31796357d0dc7fc742ce7814ff00c58c8787fc353249068be15b46955fd3907191094743d994d083f4e6a728dde9b110402c97493e9f06237240dbdce62c839419859b23a08fed356800ebb827f0ca8b3dd3bb30af6c188e32b06047f2ab0a7dfbe5615106e211eb36e68a1412095ebbeff875c46e69329507bef917471a3f976ceddd78dc4c3eb33ed4f8e6de87e428337d861c310f29a9c9c732595aedd3b65ce32a46456bf862ac53f34f515d2bf2efcc97cc7895b19157dcbfc34fc71091cdf9c53c8d2ccce4d598924fb9cd9c760c896a23f1803ad712c417a1797cd235a6dd331e4d81e81a61e49b752729282c9ad8710bcb2b28b4d21208ad31423798a0a7b0c14b4a4ca07c446453ba06e854151b530a6d56cd41869fe562a422847472bdd4effaf0daa240218135dc0c08ab4445f6801dfa6142716695651ef5fbb141649671d294e94ae2ab6ec763df155910a6ddba62844a579fe18a6d1f6a2afb602b6c23cff7820b596868686b4f7c2ca2f0c697d4bc1230a12716d2f47d036b753d3a5316b655688812a77af41f2c08a5f753d940a0cce1493f0ad4d48f6c058eeaba6c66493eb0cbc6351f00fe3853698dc3514d7b6e70a84a15b92cafd4f41d7e67db24124a16f49fabaa568f275c494712939125ee9560375123dd3d3c2da3a2fd1cdc64422991c8b487702b4a628623ac7c249a6df676df22d8188de02a7937d935249e980b261be60d5915d218cfc44d2b91a4a5b23d5437b62c829faf4d89a7be0e6b689b5ba5155e55f618d215ae18483de9f71c4854ab52d296f2d64ba897f7f08fde28f0e95c0ac1b554688a03df240a1967972979e5999d7fde8d22f209878986f3f764ff00b178d7fe0b2e81625f6bfe973ff2aeff004b72fde1d3295ff8b3d3f4ff00e2591adda503ef988de8ed2e1e52b4c7ecc7d3fd639388b28916456c0c8c17b0dcfcb2f21a933e68140c8aa1126e52941d7b76c9aae67a6c0fcf1a55e92008057b11be15743700313424edfe7be02aa974bea4469d0d4e442b1eb8564620f4ec7e59355f1904b30ee7154447420838aa84d18208a6c4e2a965c298df6e87a6482ac0ff00057c6bf776c0ad897735ef414c0aa8af5ad7b1fe18a69562dfafd38a15d46e453dfe838aa696b5500f638153347ad3c720ae73f462aa5280c287a0c550c63e26be393b5713e3d315716dbaedd302ac95e8bf3c2a935d482a07b61540b37293c7c062c96c868a09ea3fa5062841b924edda9b7dd8128eb2041514da841031426f0d683e5f8570a158ee2bef8aa9c83e1e9db154aae852beddb15538643c800683c3154de321a027c77ae2a94ea71892dd8d2a7b8debb7cb1549f4d05246076a3a9eb41d6986d2859c5c4b755ad472a571b5641a7d8dda8158dc21a55e9451f326806547304f094dd3d39eda44e5f127553b1069efe3928cc1e482292807d36208a943b78ed97062f8a7f333441e5cfcc4d7ac5014825b8fae5bd361e9dd0f507e24e60ea2345dee8e771a40691300e093b8a75f7cd717680b35b56013d45f849a0e7df7cacb24e2ce57780a231329621a55db929dbe1f6cad9166be52d09356d6ac74a71fbb05669d1400a2288f26a8f7a532fd3e3b9387abcbc38cbe8244a8a80001f7019bce4f2ebe374900286ab4e551d08ad062aac83b9c55e3dff393fae45a57e59cb63cc2dc6ab7115bc6b5dcaa37a8ff0082e4b18dd9c79be146ea4f539b20a5741532ad46d5c8945bd13405fdda786d9449987a0e99b222ae5250c962e832a45a676ff66a315b08a2401815cebf057a9fea714a5d39259bdf14a2b4e01c107a29aff4c0c4ec8a2409a41deb41f7636bcd7b3b391edb614d22ed05197b81d30a190d84742091bff5c5894fe0d949aee05714acbb53cbe4314151886c09e9d70a15d0907f5e054c55c5bdabc87b8dcfcb7c895790f9fef1a7e6b5f84b743ef85b62f2db8658a6423db24cde89a0485a04a9a0fbbae45a4a6f73abb475b7b11eace07daeca7164119a4e95522eaf4fad72403f16e057c30a96440fc4238c51453dba62c16de3848c96e9f68fcb0154b2061f53493fdfac483bf407108405fbfefe187a1ebf79c900ce31759813798e5606a2d2d228d7ddee5d9dbfe1517efc2a4eccc258c7a23dc53f0c8b1619ad005ca0f7c8b20f38f37ea69616c503716a104fcb225b03c93f49c9a86a4adcbe0070d2591b3931d01ec322a829650bd0ef812ad693126b84211e92176551de98551a246b1985c4603a8da443d194f507052f363de78d0a3fab5beada70e5617150be2922eec8d4ee2b8392859f962f136b13e937a78da6ab693d9484f6720491b7d0e8299606127da7fa0a53f966342e5fe9234be35ff8b7d3f53fe2582f76aea87af60331a9b53bb58d608563fdb3f137cce6440535928e92e16d221bd1d874f6cb10a30dec85aa7bfdd8695128c44e8fd88a605549a451b9db156e392ab5a7cb155debaaad07daae34aad0ce64d8f4069dba1f964485424c8b2371615049ae1541b5a4b17c513725ec0f51925590dd846f4e61c4fbe0a54491c872ad41a7e38aa5d76b5a902b4c6d5047651f33be15502e6ac07ecb0fd584a42251b91d8e4551910aec3c7142290015af5c551f6db951815304a6de39055edd695c554e4fd7be2ab4014a9c554a55dc9ae482a8d683f864950f732f11fe7e18aa45335687fc9c554d6a091df7ae04b520a46077270a508055f7f1dab82d534b55a71fa6a7a75c284c94f15dff00cf7c50ad5a0fba9b6055373f0ec77c2a96dd0a57fcc6e7154bcc855d7b56bf2c529cd93f38b8d7b0f7c50a17001475ee3fcce2963e9fbb9d803427dfdf02a651a470ea31b6c695715dc72a7f5395e4351484ee6d5d218efed3d5e05a3012100173caa39927a0001cc08cf6ddb4c58edd5e4969e589756660f2c1c144ca7e13cd80a0f118711a2990b445b4ab796b15da7ed8f8be636cda40ecd05f36ff00ce4d68c61d6743f30c0a025ddbc9653bedbc96ec1d3fe15dbeecaf3c6c5bb0d0caa54f27d168278d9c6d534fa335527751673137281cafc2101ebe2457282dc0b21b3e2935b941b85558c7b8dcfeafc7214ceaf9bda7f2ab4c668afb5f996a6722d2d8f4f823a34847b16dbe8cdae96142de7f5f3f5708661e61fad5ccb63a25a168d6ecb3de5c2ffbaede3a1635f13f647b9cd80203ab4e6055507d31c5480aabd82aec00f9644aa24928028dc9e9815f11ff00ce4d79e8f997cea743b4939699a0a9b7d8d55ae5b79587cbece65618f56606cf0da920e6531a56b604c8a3dc640ad3d1b434f853e8ca64d81e83a4c75e24f5ca4a2992429b7e39594724c6114006042259453f0c09ba6a4aaa1afcfeec6d36964877a1df14a36c832395fe60314144aa1333337466ae1a5563c4b0a0f63802ee11f66054d70a191598deb4f6a62c53a88011927bd314b7731f24e7db142147c22be1856956dfe36dc7b57e7810dead76915bf1afc206e3025e1be72d584b3b46ad535de9886d0c16e642f2c7df7c9b266da5dccd25bc76f11e008f8dfbd3c0644b0657a6c518608836daa4f5381896490b91b9d946c07f661b45a3acd4bcbb76ae2a501e63ba1040ca3ab6d8b211b4240c45adb455f8638d4015af5df24140a4be4632eaa4768d40f6ae44c91228bf2bc66e354d4af0ee8d76d1c7feadbaac23f15384312ccaf7e18dbc3723024303d7a558d5987daa7e39164f9f3f30753792ede146a81b3600da030fd39fd360c3ad70ab3380f280331ea301425f29a3301d8ed90a4aeb79787ed7b61a4267a7b99661becb85538b929c362391ed8a852d3ef208bd5d33531cf49bb00494dcc4e3ecc8bee3052948cd81f2cf9cad2205648c4d1491b2eeac92508229d981db25141e4fb093cc12cbf96b2ea28d5bb860fa9486bb872eb0835ff5581c35bb8f68ab18bd5981eaa9f11fe194445b714e529ea348ff00613e263f2cc80d492cd7ad7d7c550d56bb019354f618808d7c40c0aad6ec1d3afd8380a14ae5fde87fcf7c52d472065d8f4a8dfdf2410b8cd0a1fde1666ec17ae1545dbc8a490050ec48a834fbb2096b955fdea6bdf155c588a8c14a87bab38ee10d451c743ef841540ac92dab7a727c483be1e6ab2471229236af5fc702a5b23ecc3c3a6154233d0927b9dff0c29b455a316353d301529b41f16fdb02110a3974c551f6e6847b6f5f90c0a8b461b6fdb234aaa1b02ad93a1c556ee07f0c5541c9ab577f6393552e42bb8dbbe0a541dcf523eefb8e4952790500edda98a54c355a877ebdfc46292a52b5053be285300d41a537ebf40c09b4d2d97702bed8508cafe3fd7142b1606303f1c0ab58d41a6db75c2a80bb52431ff6b0252595b8b8df7f0f7c290138d3df62bbf61f4e04154b80393781fe38558fcb195b9248d8d69f7ed8a5137ea578c8a68caab43ef4f6c84c5850b354d7b4916cb717b034370c86199844d32483a9019033007c08cc2384b682c23cc5e706d72dedf43d2adde0d322652d54e1ccaf4017a85077dfeecb618885b669a0078b4d48e4a8dab4399d11b3412f3ffcfbd186a7f9737b768bca7d26782fd29b9e21bd293fe15ce33161bb04f8661f2f68f3012441ba82588f6cd3cc3d2c77e4cdad6e44b711c477863a3cbef5af15fbc54e6349b62cae1757f8d48336c8a147463db6ef53908824d24cb8412fa87cb5a5268da2d969e001f56857d4ff008c8455c9fa4e6fa11a14f27927c52251414979273bb4940bed183503e93be4da9196b1ed53f646025589fe6679c60f23f93b54f304847d623430d821fdbb997e1403e935c9445a40b7e76decb717d732dddcc864b899da496463525d8d49fa49ccf88a0d854d6df6e992604222ca0e570a074ae02af47d120a2c60f8e5122cde85a642028ca4945a7f147edb64020a629174f0a6042e90100536f1c0cad0b3335295dbc714ec865432313dc7eac55308578b034c58ec8adb911db0d2ad8ebea53152537b442dc7c2b8b1a4fecb7029df1426e37403164882b58f7c5505247bf103155c596de22c7af5c50c03cebe645b68a4446a13500e06622f12bdd41ee2566662791eb92a6da42722cea3bd70ab36d199b8a53a5320d6cdb4b3d2bf3386953c8a42d45ec7bf89e981814e6c169ccd760b858b0cf385f037315aa9de4758f6eb463438b70d8277188dee4a29f841e237fd94dbf864b93593b2496732cda8dd4bfeea4722bda8bd72202293efcbeb47fd116924828f72a6ea4f66b863250ffc1648a9e6c835893d189bc40fc722af30d7eeb9b3c287949bd16bd30330f9dbcdefcb52941353535f9d710da925a3700198fed62866b66e65b75f0a53234aa13a90e40fa4e46d2852ca87affb78954df487a0e5e3be1084d4b349b8e830d254a68832efb1a625545adceb715bdb442bae69c4358d4f1fac42adc8c353fb6bb94f11b78621897bc68faa46de48f315a313e92c96d768b5df88b889c8f9f16186da2b77a858a7084b742fbfd032100ce4bf53b8faae9e4134793f576cbe218249a12566339dfdfae48ab29866500f875a640ab50c9c6e26503660ac3e914c50a17127226a70256dbbf2e437de87db6c902a8888763b78e4d088499599789dc7bd4fdd959095e0f17af6e4702af26a6bd3db155fcbe223b90715435e5bfab197fda0315488b18e42bdb1b4842ca56b51f649e9f4e49506c7e2a7cf1546dad028f964553cb3dc634845aa6d8aaba517155656a53155657ab50e469550fd9c8aad6a907c062aa4ebb9f7c36a857ad457c3be495093ee4d7a0a7f1c2a94dc30a1f1a6d8a5095e249afb7e18aac918961f2c55557e202837af87cb052530b6a822bb570a1194143522be1f4e0b42fd9946fb6156c0afca98aa1e75e51b6d5db6fc31563b7440976dfdf03208ed35f761eff2c28475c7c4bcb14253731567527fb7ae064117729eac02bbb705e829dbdb241091bf02bf579002b5aefefb61a555b3d12cdd8b84151bd4fcf02da7a968a90f01b53a658849f56d2e2d674dd43449f78afeda6b571ff1950a83f4120e4ba201ddf07da7d634ebd9ada614b989da29011d1e36e2df7119a7ca2897a5c12b88669a3491b29707930f8989dab4a0df3064ec22367b17e5a68abac79974f81979595a56f2e4d36221fb20ff00ace465fa68994adc1d6e4e185752fa40a820a38255fed71d8919b77996bd33235294af6c36a8b6f8556251bd3ae455f197fce49fe612799bcc6be57d325e5a3e86ccb2953f0c9767666dbaf11f08ccac51ead91d9e1c90f2dfeecc9ba4734408405382d348cd2ad39cc091912569e91a1d98250d3a6639490cf74fb7a0514c81427705b548db6c0c51a62a7d0722a86b9e4a683224864290742ce0374c534b923019b8ec01a7dd85168b8c1515f6c51b2a3906847d38a86e30d5af8ff1c56d3eb3402343df7ae1629c5a0a15006f4c509b462a80ff006e2c91a8b54a1eb810879928e4d36c2ac57cc9ada5ac4c2b4236eb819445bc17cd7af1beb9601aaa2b92886ca018c2495619329b46da46d2ce091b572052cdf495f4c0a8a5722c0eecbaca41d17ed636c392736c7706bbf4c92db23b5fdd5ab3b0dc8c0583c9f5bba373e6a8230792c72723f2418c436720cd6cd7d0b296e5cfc4919624fcb2658c98cc324aba4dfc8bb4b2c722c7e3ce6f817f16c019bd7345b05d334c822200648d569e1c540a64496b61be74d73ead1c814ef4a03f4606403cf7498dae8cf71212eefc8924d7fce98b278979b2265d4ee148dd5981fbf10d8c721fef9109dab8a19de9eca20009c05565c3063f0e41297c88c64006c0f8e15a4e74f511454237c21148d13b1f81475c6d2ace42461bbd3a61548a79258e759e36e3229e4aca6854835046450cfec3cfdff3aaeabf108b5d30c51f2a6d2912a2f3a7660a6bf4616be1ddf5324609083a74f901920181637e66bf0d30801d86c065d10845797f680f81ebf3c89e6a9ac4ff00bc68dcf43b7cb12a89500caee3a80b5fbb1420ae89a803beff003c825b82a294fb4453e448c42aafa8c40a9ad48cb151368d40e87a75f0dfeec1242280af4c825b73c47d1b62aa7ea0e640eb8aabab861c7f0c5525d4e10921a0d8eff4e10a944a69415dbbe155061befb8c09051906c07d030253eb0dc0ad6bdfe9c50535f4d4741f3c085841afb615757718aaf47f889ec36df02a2835577f1c82b9e814818aa93546e41f7ae1a542b1dea7c373f33925405c93dbbf4c2a934ae43f8ff00b58b243b024814ff00318aad76a374e94a7d35c0aad131341dbfdac2a99c34aa93db14226bb1fc3142aad081fc7155614d80f0df1543dc2feedc834e98158cdf0e329f0c534bf4f6a11e24e14a76a7944db6fdb1425d72bb827c31544271f44923a8e8453a628482e93fd20b0e95db2d0a98d8b90d4f1fe39054ea26e4287c3248284b980fabeac7b329ad7e5be48143e24fcdbd297cbff99daddaaaf1865b8fae4207f25d2893f5939afd4437b77ba39dc69668d768ce615dea01207e39ae9076a24fab7f243477b6f2ecdaddc47c25d465290788b780903ef6a9cd8e9e151741aec9c53aee7a91dfe5994eb951401f17ed1c0af32fcf0fcc78bf2fbca537d59c7e9fd595adf4e4fda40451e53eca0fdf928c6cb288b7c1f2dcbcd33492b977762cec4d4924d493f3cce036495685c0184a1129f19a0c01902c9744b3af134dce4245907a568966155091b8ca4b12cd34fb5a8190414ea282837ef91439e3a0f7c09b4beec51eb4a8ed913ba762878d41624f7df055229b0b4773e07a61b4da246c809d81030a29db72dfa1076c57922add082aa475a53e5854a7902f1094f035a62c535b51b8db7c509ac27e1008c0c82390546dd298a101ac5c2dac0d231a1504efb0d862af9dfce9e699aeee2486263c6a45476c2236dc00606b04d7327426b965d2533b6d19d94b32914f6c812a98d959085aa7b75c0a593582afc3dc923eec0c13eb220027f689fa298a0ee9ed81e407dd4fa70b021905c4822d3ddab4a2927e818a4078cd9486fbcdad535203107e7b64e2d932f45d5e4167a2c8a4d1e41c40f6c126a59e57d396f66d3eda4fee9a659a5ff8c76c0ca7f10a3e9c792dbd1352b8e313d2809df6e8320af10f3cea61a61029abb7451ef8b6442ef2fc656cb65f899773f3c34825e2be7c87d2d5a603f69893f4e4436decc26be95ca16eb84a09661a68796353816d367804718206e70154a99499fe9a0fa322a8f8e509f08eb8555e1662c3dff5e1a557b993821e5f7625525918bf7d8f5f962150d50ae16bf6fafc86f8abef58a83995dda9f08cb034160dab1e5767d61c77f9feacb42027fa1505b8e1baf7395aa632d39ab2ff00783a28aee3c30a111017f525dbe12abc8f70701541dd5790db6ec72295b156bbf5ed8a55d849560c76af5fbf2d62ad6c4f31b1a537f0c894a60d52bbec720aa120b914a90569b546f8aac5af23b6d4df15454206dbed8aa1f5211143c8d1a8698ab18929c9aa7e1a1a7cf26a866af2dba6d84a51d6fcaa2bd36ae40ab21b0aed4dfc3021361fe57d38156bf1edeff2c5548f51f2db0ab6b4a9f98c55160b506d415df20aa8d4a1fc702ac6a77e9dfeec55092d3c05299354b6e29b78e1549e5fb6d4eb43fdb8b25062dc8500a50fcb0214e5a6d5eb5c52be0af314fa3f0c529ac54a2fd38a115f154fd3f76162aa9fb353bef8aa2938edf2ef80aa1eebfbb929ed5c558b5e5399fe6ae14acb4af3e9b54fcb1484fed6be99af876a62c546e7871dff00b3155bbf01f23d3c308549eeb8f3f1dcfebcb02aada160e282bf7602a9cdb97ee2980217dcd78fbfd1e192087c85ff003936b683cff612412037ada6c22f2200d559647f4c92453e243d8e636a2a9da68ad83795c06954160a4d0163bd2bdf6df6cd69abdddbefc269f7cf95534c8fcbba547a3ca26d2d2d625b49402a1d42d3951802093526b9b48f214f3392f88df34e453e4324c179a0566fb4402428ea69d856837c0af827f3feefced79e7db8b8f37583e9c1969a55a33c72a2d9834521a2775249ddb7eb9978aab66d1c9e5239d7a65c828a88cb4145db16299e9f4320f50d3fcfdb01641e85a0adad56ae3a0ec7292c9e8fa5adbf15a38e3f239596b65fa788788dc77c82a671fa5e3b76a604284c169d460484aaeabcb7e95dbc30276515e3dcefdf0202c60391a1ef85922ea78af21b763f46062b405a9a9a1ec30b2dd30b6a7a83f0ae1629d434f877dbbe284dada9518a1308a9c87cb16498c34dfc69d3db0141625e7a371fa32508a41a36e0efd3fa62ca3cdf38ce96c6e18dc4b46a9a820f8fcb2ce8dc9ae9d1e9408e32a9dc5763fd320c13c55b3f41f8383b6db1fe98101274e015b7ab9ede18b34d6c0901682a37c5894f6d3ec9afbfcab8189641a753e0a1daa3241894c3cc2661a2cbf5752c78efd3a7d38950f21f28713e6693d5da4e23803f3df2ce8ca6cebcd26e0a40aca45bf21c9ebb7b0a75c8a3a324f27f1135537905abfa63c4975e7d7c005fbf016b4f3cc2d3269bfe8abeacdc7f794206e47bd3a645987cf7ad35cbeacdf5a5319e438d4d76afb57086d679a38b75d30fa0c1df86c294fd74c5875784f9febfa5a5e5d6a7efef8036f479eddf2fae4740698b12cdf45afa6b51434c553bb8fee3e1fb5912c92692bc87a7bb6042a5bd797c4687b838aa6907a63a6e7b7cf09543ea664afc4b4f1c0a96b93c76141dce14a18d398dfe2ed850ff00ffd9);

-- --------------------------------------------------------

--
-- Structura de tabel pentru tabelul `user`
--

DROP TABLE IF EXISTS `user`;
CREATE TABLE `user` (
  `id` int(11) NOT NULL,
  `user_profile_id` int(11) DEFAULT NULL,
  `username` varchar(255) COLLATE utf8_unicode_ci NOT NULL,
  `password` varchar(255) COLLATE utf8_unicode_ci NOT NULL,
  `roles` json NOT NULL COMMENT '(DC2Type:json_array)'
) ENGINE=InnoDB DEFAULT CHARSET=utf8 COLLATE=utf8_unicode_ci;

--
-- Salvarea datelor din tabel `user`
--

INSERT INTO `user` (`id`, `user_profile_id`, `username`, `password`, `roles`) VALUES
(1, 1, 'cristi', '$2y$13$BRyxNyr.am5hED14sWieueeAdFEogEOdSiZnYmZcZ7LiaO/S30JrC', '[\"ROLE_ADMIN\"]'),
(2, 2, 'marian', '$2y$13$3lHbN.2YJwfNOkx77Stjzubz5nqNQUUuVV10JCDpnqURMqwEgcq.K', '[\"ROLE_USER\"]'),
(3, 3, 'adrian', '$2y$13$KWU6.pl8NkK2bKhKjoN.w.t.2oF9KjwJUJ3pOIvRM9.YMh7WCQz/K', '[\"ROLE_USER\"]');

-- --------------------------------------------------------

--
-- Structura de tabel pentru tabelul `user_profile`
--

DROP TABLE IF EXISTS `user_profile`;
CREATE TABLE `user_profile` (
  `id` int(11) NOT NULL,
  `image_id` int(11) DEFAULT NULL,
  `first_name` varchar(255) COLLATE utf8_unicode_ci DEFAULT NULL,
  `last_name` varchar(255) COLLATE utf8_unicode_ci DEFAULT NULL,
  `email` varchar(255) COLLATE utf8_unicode_ci DEFAULT NULL,
  `mobile_number` longtext COLLATE utf8_unicode_ci,
  `address` varchar(255) COLLATE utf8_unicode_ci DEFAULT NULL,
  `city` varchar(255) COLLATE utf8_unicode_ci DEFAULT NULL,
  `country` varchar(255) COLLATE utf8_unicode_ci DEFAULT NULL
) ENGINE=InnoDB DEFAULT CHARSET=utf8 COLLATE=utf8_unicode_ci;

--
-- Salvarea datelor din tabel `user_profile`
--

INSERT INTO `user_profile` (`id`, `image_id`, `first_name`, `last_name`, `email`, `mobile_number`, `address`, `city`, `country`) VALUES
(1, 2, 'cristian', 'marian', 'cristi@yahoo.com', '0731016859', 'Cal. Targovistei', 'Gura Ocnitei', 'RO'),
(2, NULL, 'Marian', 'Cojocaru', 'christancojocar@gmail.com', '0731016859', 'Str. Calea Targovistei', 'Gura Ocnitei', 'Romania'),
(3, NULL, 'Adrian', 'Cojocaru', 'christancojocaru@gmail.com', '0731016859', 'Str. Calea Targovistei', 'Gura Ocnitei', 'Romania');

--
-- Indexes for dumped tables
--

--
-- Indexes for table `cart`
--
ALTER TABLE `cart`
  ADD PRIMARY KEY (`id`),
  ADD UNIQUE KEY `UNIQ_BA388B74584665AA76ED395` (`product_id`,`user_id`),
  ADD KEY `IDX_BA388B74584665A` (`product_id`),
  ADD KEY `IDX_BA388B7A76ED395` (`user_id`);

--
-- Indexes for table `categories`
--
ALTER TABLE `categories`
  ADD PRIMARY KEY (`id`),
  ADD KEY `IDX_3AF34668AE80F5DF` (`department_id`);

--
-- Indexes for table `departments`
--
ALTER TABLE `departments`
  ADD PRIMARY KEY (`id`);

--
-- Indexes for table `products`
--
ALTER TABLE `products`
  ADD PRIMARY KEY (`id`),
  ADD UNIQUE KEY `UNIQ_B3BA5A5A5E237E06` (`name`),
  ADD UNIQUE KEY `UNIQ_B3BA5A5A5E237E0612469DE2` (`name`,`category_id`),
  ADD KEY `IDX_B3BA5A5A12469DE2` (`category_id`);

--
-- Indexes for table `profile_image`
--
ALTER TABLE `profile_image`
  ADD PRIMARY KEY (`id`);

--
-- Indexes for table `user`
--
ALTER TABLE `user`
  ADD PRIMARY KEY (`id`),
  ADD UNIQUE KEY `UNIQ_8D93D649F85E0677` (`username`),
  ADD UNIQUE KEY `UNIQ_8D93D6496B9DD454` (`user_profile_id`);

--
-- Indexes for table `user_profile`
--
ALTER TABLE `user_profile`
  ADD PRIMARY KEY (`id`),
  ADD UNIQUE KEY `UNIQ_D95AB405E7927C74` (`email`),
  ADD UNIQUE KEY `UNIQ_D95AB4053DA5256D` (`image_id`);

--
-- AUTO_INCREMENT for dumped tables
--

--
-- AUTO_INCREMENT for table `cart`
--
ALTER TABLE `cart`
  MODIFY `id` int(11) NOT NULL AUTO_INCREMENT, AUTO_INCREMENT=3;
--
-- AUTO_INCREMENT for table `categories`
--
ALTER TABLE `categories`
  MODIFY `id` int(11) NOT NULL AUTO_INCREMENT, AUTO_INCREMENT=8;
--
-- AUTO_INCREMENT for table `departments`
--
ALTER TABLE `departments`
  MODIFY `id` int(11) NOT NULL AUTO_INCREMENT, AUTO_INCREMENT=4;
--
-- AUTO_INCREMENT for table `products`
--
ALTER TABLE `products`
  MODIFY `id` int(11) NOT NULL AUTO_INCREMENT, AUTO_INCREMENT=13;
--
-- AUTO_INCREMENT for table `profile_image`
--
ALTER TABLE `profile_image`
  MODIFY `id` int(11) NOT NULL AUTO_INCREMENT, AUTO_INCREMENT=3;
--
-- AUTO_INCREMENT for table `user`
--
ALTER TABLE `user`
  MODIFY `id` int(11) NOT NULL AUTO_INCREMENT, AUTO_INCREMENT=4;
--
-- AUTO_INCREMENT for table `user_profile`
--
ALTER TABLE `user_profile`
  MODIFY `id` int(11) NOT NULL AUTO_INCREMENT, AUTO_INCREMENT=4;
--
-- Restrictii pentru tabele sterse
--

--
-- Restrictii pentru tabele `cart`
--
ALTER TABLE `cart`
  ADD CONSTRAINT `FK_BA388B74584665A` FOREIGN KEY (`product_id`) REFERENCES `products` (`id`),
  ADD CONSTRAINT `FK_BA388B7A76ED395` FOREIGN KEY (`user_id`) REFERENCES `user` (`id`);

--
-- Restrictii pentru tabele `categories`
--
ALTER TABLE `categories`
  ADD CONSTRAINT `FK_3AF34668AE80F5DF` FOREIGN KEY (`department_id`) REFERENCES `departments` (`id`);

--
-- Restrictii pentru tabele `products`
--
ALTER TABLE `products`
  ADD CONSTRAINT `FK_B3BA5A5A12469DE2` FOREIGN KEY (`category_id`) REFERENCES `categories` (`id`);

--
-- Restrictii pentru tabele `user`
--
ALTER TABLE `user`
  ADD CONSTRAINT `FK_8D93D6496B9DD454` FOREIGN KEY (`user_profile_id`) REFERENCES `user_profile` (`id`);

--
-- Restrictii pentru tabele `user_profile`
--
ALTER TABLE `user_profile`
  ADD CONSTRAINT `FK_D95AB4053DA5256D` FOREIGN KEY (`image_id`) REFERENCES `profile_image` (`id`);
